{"timestamp":"2026-05-24 23:30:50","level":"TRACE","logger":"org.springframework.beans.factory.support.DefaultListableBeanFactory","message":"Returning cached instance of singleton bean 'org.springframework.transaction.config.internalTransactionAdvisor'"}{"timestamp":"2026-05-24 23:30:50","level":"TRACE","logger":"org.springframework.beans.factory.support.DefaultListableBeanFactory","message":"Returning cached instance of singleton bean 'org.springframework.transaction.config.internalTransactionAdvisor'"}{"timestamp":"2026-05-24 23:30:50","level":"TRACE","logger":"org.springframework.beans.factory.support.DefaultListableBeanFactory","message":"Finished creating instance of bean 'org.springframework.data.jpa.repository.query.QueryEnhancerSelector$DefaultQueryEnhancerSelector'"}{"timestamp":"2026-05-24 23:30:50","level":"TRACE","logger":"org.springframework.beans.CachedIntrospectionResults","message":"Getting BeanInfo for class [com.sp.jobportal.entity.JobPortalUser]"}{"timestamp":"2026-05-24 23:30:50","level":"TRACE","logger":"org.springframework.beans.CachedIntrospectionResults","message":"Caching PropertyDescriptors for class [com.sp.jobportal.entity.JobPortalUser]"}{"timestamp":"2026-05-24 23:30:50","level":"TRACE","logger":"org.springframework.beans.CachedIntrospectionResults","message":"Found bean property 'class' of type [java.lang.Class]"}{"timestamp":"2026-05-24 23:30:50","level":"TRACE","logger":"org.springframework.beans.CachedIntrospectionResults","message":"Found bean property 'company' of type [com.sp.jobportal.entity.Company]"}{"timestamp":"2026-05-24 23:30:50","level":"TRACE","logger":"org.springframework.beans.CachedIntrospectionResults","message":"Found bean property 'createdAt' of type [java.time.Instant]"}{"timestamp":"2026-05-24 23:30:50","level":"TRACE","logger":"org.springframework.beans.CachedIntrospectionResults","message":"Found bean property 'createdBy' of type [java.lang.String]"}{"timestamp":"2026-05-24 23:30:50","level":"TRACE","logger":"org.springframework.beans.CachedIntrospectionResults","message":"Found bean property 'email' of type [java.lang.String]"}{"timestamp":"2026-05-24 23:30:50","level":"TRACE","logger":"org.springframework.beans.CachedIntrospectionResults","message":"Found bean property 'id' of type [java.lang.Long]"}{"timestamp":"2026-05-24 23:30:50","level":"DEBUG","logger":"com.zaxxer.hikari.pool.HikariPool","message":"HikariPool-3 - After adding stats (total=6/10, idle=6/10, active=0, waiting=0)"}{"timestamp":"2026-05-24 23:30:50","level":"TRACE","logger":"org.springframework.beans.CachedIntrospectionResults","message":"Found bean property 'mobileNumber' of type [java.lang.String]"}{"timestamp":"2026-05-24 23:30:50","level":"DEBUG","logger":"com.zaxxer.hikari.pool.PoolBase","message":"HikariPool-3 - Attempting to create/setup new connection (9099945f-1333-458e-a5cc-cd89b479d115)"}{"timestamp":"2026-05-24 23:30:50","level":"TRACE","logger":"org.springframework.beans.CachedIntrospectionResults","message":"Found bean property 'name' of type [java.lang.String]"}{"timestamp":"2026-05-24 23:30:50","level":"TRACE","logger":"org.springframework.beans.CachedIntrospectionResults","message":"Found bean property 'passwordHash' of type [java.lang.String]"}{"timestamp":"2026-05-24 23:30:50","level":"DEBUG","logger":"org.postgresql.Driver","message":"Connecting with URL: jdbc:postgresql://127.0.0.1:5433/mydb"}{"timestamp":"2026-05-24 23:30:50","level":"TRACE","logger":"org.springframework.beans.CachedIntrospectionResults","message":"Found bean property 'role' of type [com.sp.jobportal.entity.Role]"}{"timestamp":"2026-05-24 23:30:50","level":"TRACE","logger":"org.springframework.beans.CachedIntrospectionResults","message":"Found bean property 'updatedAt' of type [java.time.Instant]"}{"timestamp":"2026-05-24 23:30:50","level":"TRACE","logger":"org.springframework.beans.CachedIntrospectionResults","message":"Found bean property 'updatedBy' of type [java.lang.String]"}{"timestamp":"2026-05-24 23:30:50","level":"DEBUG","logger":"org.postgresql.jdbc.PgConnection","message":"PostgreSQL JDBC Driver 42.7.10"}{"timestamp":"2026-05-24 23:30:50","level":"DEBUG","logger":"org.postgresql.jdbc.PgConnection","message":"  setDefaultFetchSize = 0"}{"timestamp":"2026-05-24 23:30:50","level":"DEBUG","logger":"org.springframework.beans.CachedIntrospectionResults","message":"Not strongly caching class [com.sp.jobportal.entity.JobPortalUser] because it is not cache-safe"}{"timestamp":"2026-05-24 23:30:50","level":"DEBUG","logger":"org.postgresql.jdbc.PgConnection","message":"  setQueryTimeout = 0"}{"timestamp":"2026-05-24 23:30:50","level":"DEBUG","logger":"org.postgresql.jdbc.PgConnection","message":"  setPrepareThreshold = 5"}{"timestamp":"2026-05-24 23:30:50","level":"DEBUG","logger":"org.postgresql.core.v3.ConnectionFactoryImpl","message":"Trying to establish a protocol version 3 connection to 127.0.0.1:5433"}{"timestamp":"2026-05-24 23:30:50","level":"DEBUG","logger":"org.postgresql.core.v3.ConnectionFactoryImpl","message":"Receive Buffer Size is 65,536"}{"timestamp":"2026-05-24 23:30:50","level":"DEBUG","logger":"org.postgresql.core.v3.ConnectionFactoryImpl","message":"Send Buffer Size is 65,536"}{"timestamp":"2026-05-24 23:30:50","level":"TRACE","logger":"org.postgresql.core.v3.ConnectionFactoryImpl","message":" FE=> SSLRequest postgres"}{"timestamp":"2026-05-24 23:30:50","level":"TRACE","logger":"org.springframework.beans.CachedIntrospectionResults","message":"Getting BeanInfo for class [com.sp.jobportal.entity.Role]"}{"timestamp":"2026-05-24 23:30:50","level":"TRACE","logger":"org.springframework.beans.CachedIntrospectionResults","message":"Caching PropertyDescriptors for class [com.sp.jobportal.entity.Role]"}{"timestamp":"2026-05-24 23:30:50","level":"TRACE","logger":"org.springframework.beans.CachedIntrospectionResults","message":"Found bean property 'class' of type [java.lang.Class]"}{"timestamp":"2026-05-24 23:30:50","level":"TRACE","logger":"org.springframework.beans.CachedIntrospectionResults","message":"Found bean property 'createdAt' of type [java.time.Instant]"}{"timestamp":"2026-05-24 23:30:50","level":"TRACE","logger":"org.springframework.beans.CachedIntrospectionResults","message":"Found bean property 'createdBy' of type [java.lang.String]"}{"timestamp":"2026-05-24 23:30:50","level":"TRACE","logger":"org.springframework.beans.CachedIntrospectionResults","message":"Found bean property 'id' of type [java.lang.Long]"}{"timestamp":"2026-05-24 23:30:50","level":"TRACE","logger":"org.springframework.beans.CachedIntrospectionResults","message":"Found bean property 'name' of type [java.lang.String]"}{"timestamp":"2026-05-24 23:30:50","level":"TRACE","logger":"org.springframework.beans.CachedIntrospectionResults","message":"Found bean property 'updatedAt' of type [java.time.Instant]"}{"timestamp":"2026-05-24 23:30:50","level":"TRACE","logger":"org.springframework.beans.CachedIntrospectionResults","message":"Found bean property 'updatedBy' of type [java.lang.String]"}{"timestamp":"2026-05-24 23:30:50","level":"DEBUG","logger":"org.springframework.beans.CachedIntrospectionResults","message":"Not strongly caching class [com.sp.jobportal.entity.Role] because it is not cache-safe"}{"timestamp":"2026-05-24 23:30:50","level":"TRACE","logger":"org.postgresql.core.v3.ConnectionFactoryImpl","message":" <=BE SSLRefused"}{"timestamp":"2026-05-24 23:30:50","level":"TRACE","logger":"org.postgresql.core.v3.ConnectionFactoryImpl","message":" FE=> StartupPacket(user=myuser, database=mydb, client_encoding=UTF8, DateStyle=ISO, TimeZone=UTC)"}{"timestamp":"2026-05-24 23:30:50","level":"TRACE","logger":"org.springframework.beans.CachedIntrospectionResults","message":"Getting BeanInfo for class [com.sp.jobportal.entity.Company]"}{"timestamp":"2026-05-24 23:30:50","level":"TRACE","logger":"org.springframework.beans.CachedIntrospectionResults","message":"Caching PropertyDescriptors for class [com.sp.jobportal.entity.Company]"}{"timestamp":"2026-05-24 23:30:50","level":"TRACE","logger":"org.springframework.beans.CachedIntrospectionResults","message":"Found bean property 'class' of type [java.lang.Class]"}{"timestamp":"2026-05-24 23:30:50","level":"TRACE","logger":"org.springframework.beans.CachedIntrospectionResults","message":"Found bean property 'createdAt' of type [java.time.Instant]"}{"timestamp":"2026-05-24 23:30:50","level":"TRACE","logger":"org.springframework.beans.CachedIntrospectionResults","message":"Found bean property 'createdBy' of type [java.lang.String]"}{"timestamp":"2026-05-24 23:30:50","level":"TRACE","logger":"org.springframework.beans.CachedIntrospectionResults","message":"Found bean property 'description' of type [java.lang.String]"}{"timestamp":"2026-05-24 23:30:50","level":"TRACE","logger":"org.springframework.beans.CachedIntrospectionResults","message":"Found bean property 'employees' of type [java.lang.Integer]"}{"timestamp":"2026-05-24 23:30:50","level":"TRACE","logger":"org.springframework.beans.CachedIntrospectionResults","message":"Found bean property 'founded' of type [java.lang.Integer]"}{"timestamp":"2026-05-24 23:30:50","level":"TRACE","logger":"org.springframework.beans.CachedIntrospectionResults","message":"Found bean property 'id' of type [java.lang.Long]"}{"timestamp":"2026-05-24 23:30:50","level":"TRACE","logger":"org.springframework.beans.CachedIntrospectionResults","message":"Found bean property 'industry' of type [java.lang.String]"}{"timestamp":"2026-05-24 23:30:50","level":"TRACE","logger":"org.springframework.beans.CachedIntrospectionResults","message":"Found bean property 'jobs' of type [java.util.List]"}{"timestamp":"2026-05-24 23:30:50","level":"TRACE","logger":"org.springframework.beans.CachedIntrospectionResults","message":"Found bean property 'locations' of type [java.lang.String]"}{"timestamp":"2026-05-24 23:30:50","level":"TRACE","logger":"org.springframework.beans.CachedIntrospectionResults","message":"Found bean property 'logo' of type [java.lang.String]"}{"timestamp":"2026-05-24 23:30:50","level":"TRACE","logger":"org.springframework.beans.CachedIntrospectionResults","message":"Found bean property 'name' of type [java.lang.String]"}{"timestamp":"2026-05-24 23:30:50","level":"TRACE","logger":"org.springframework.beans.CachedIntrospectionResults","message":"Found bean property 'rating' of type [java.math.BigDecimal]"}{"timestamp":"2026-05-24 23:30:50","level":"TRACE","logger":"org.springframework.beans.CachedIntrospectionResults","message":"Found bean property 'size' of type [java.lang.String]"}{"timestamp":"2026-05-24 23:30:50","level":"TRACE","logger":"org.springframework.beans.CachedIntrospectionResults","message":"Found bean property 'updatedAt' of type [java.time.Instant]"}{"timestamp":"2026-05-24 23:30:50","level":"TRACE","logger":"org.springframework.beans.CachedIntrospectionResults","message":"Found bean property 'updatedBy' of type [java.lang.String]"}{"timestamp":"2026-05-24 23:30:50","level":"TRACE","logger":"org.springframework.beans.CachedIntrospectionResults","message":"Found bean property 'website' of type [java.lang.String]"}{"timestamp":"2026-05-24 23:30:50","level":"DEBUG","logger":"org.springframework.beans.CachedIntrospectionResults","message":"Not strongly caching class [com.sp.jobportal.entity.Company] because it is not cache-safe"}{"timestamp":"2026-05-24 23:30:50","level":"TRACE","logger":"org.springframework.beans.CachedIntrospectionResults","message":"Getting BeanInfo for class [com.sp.jobportal.entity.Job]"}{"timestamp":"2026-05-24 23:30:50","level":"TRACE","logger":"org.springframework.beans.CachedIntrospectionResults","message":"Caching PropertyDescriptors for class [com.sp.jobportal.entity.Job]"}{"timestamp":"2026-05-24 23:30:50","level":"TRACE","logger":"org.springframework.beans.CachedIntrospectionResults","message":"Found bean property 'applicationDeadline' of type [java.time.Instant]"}{"timestamp":"2026-05-24 23:30:50","level":"TRACE","logger":"org.springframework.beans.CachedIntrospectionResults","message":"Found bean property 'applicationsCount' of type [java.lang.Integer]"}{"timestamp":"2026-05-24 23:30:50","level":"TRACE","logger":"org.springframework.beans.CachedIntrospectionResults","message":"Found bean property 'benefits' of type [java.lang.String]"}{"timestamp":"2026-05-24 23:30:50","level":"TRACE","logger":"org.springframework.beans.CachedIntrospectionResults","message":"Found bean property 'category' of type [java.lang.String]"}{"timestamp":"2026-05-24 23:30:50","level":"TRACE","logger":"org.springframework.beans.CachedIntrospectionResults","message":"Found bean property 'class' of type [java.lang.Class]"}{"timestamp":"2026-05-24 23:30:50","level":"TRACE","logger":"org.springframework.beans.CachedIntrospectionResults","message":"Found bean property 'company' of type [com.sp.jobportal.entity.Company]"}{"timestamp":"2026-05-24 23:30:50","level":"TRACE","logger":"org.springframework.beans.CachedIntrospectionResults","message":"Found bean property 'createdAt' of type [java.time.Instant]"}{"timestamp":"2026-05-24 23:30:50","level":"TRACE","logger":"org.springframework.beans.CachedIntrospectionResults","message":"Found bean property 'createdBy' of type [java.lang.String]"}{"timestamp":"2026-05-24 23:30:50","level":"TRACE","logger":"org.springframework.beans.CachedIntrospectionResults","message":"Found bean property 'description' of type [java.lang.String]"}{"timestamp":"2026-05-24 23:30:50","level":"TRACE","logger":"org.springframework.beans.CachedIntrospectionResults","message":"Found bean property 'experienceLevel' of type [java.lang.String]"}{"timestamp":"2026-05-24 23:30:50","level":"TRACE","logger":"org.springframework.beans.CachedIntrospectionResults","message":"Found bean property 'featured' of type [java.lang.Boolean]"}{"timestamp":"2026-05-24 23:30:50","level":"TRACE","logger":"org.springframework.beans.CachedIntrospectionResults","message":"Found bean property 'id' of type [java.lang.Long]"}{"timestamp":"2026-05-24 23:30:50","level":"TRACE","logger":"org.springframework.beans.CachedIntrospectionResults","message":"Found bean property 'jobType' of type [java.lang.String]"}{"timestamp":"2026-05-24 23:30:50","level":"TRACE","logger":"org.springframework.beans.CachedIntrospectionResults","message":"Found bean property 'location' of type [java.lang.String]"}{"timestamp":"2026-05-24 23:30:50","level":"TRACE","logger":"org.springframework.beans.CachedIntrospectionResults","message":"Found bean property 'postedDate' of type [java.time.Instant]"}{"timestamp":"2026-05-24 23:30:50","level":"TRACE","logger":"org.springframework.beans.CachedIntrospectionResults","message":"Found bean property 'remote' of type [java.lang.Boolean]"}{"timestamp":"2026-05-24 23:30:50","level":"TRACE","logger":"org.springframework.beans.CachedIntrospectionResults","message":"Found bean property 'requirements' of type [java.lang.String]"}{"timestamp":"2026-05-24 23:30:50","level":"TRACE","logger":"org.springframework.beans.CachedIntrospectionResults","message":"Found bean property 'salaryCurrency' of type [java.lang.String]"}{"timestamp":"2026-05-24 23:30:50","level":"TRACE","logger":"org.springframework.beans.CachedIntrospectionResults","message":"Found bean property 'salaryMax' of type [java.math.BigDecimal]"}{"timestamp":"2026-05-24 23:30:50","level":"TRACE","logger":"org.springframework.beans.CachedIntrospectionResults","message":"Found bean property 'salaryMin' of type [java.math.BigDecimal]"}{"timestamp":"2026-05-24 23:30:50","level":"TRACE","logger":"org.springframework.beans.CachedIntrospectionResults","message":"Found bean property 'salaryPeriod' of type [java.lang.String]"}{"timestamp":"2026-05-24 23:30:50","level":"TRACE","logger":"org.springframework.beans.CachedIntrospectionResults","message":"Found bean property 'status' of type [java.lang.String]"}{"timestamp":"2026-05-24 23:30:50","level":"TRACE","logger":"org.springframework.beans.CachedIntrospectionResults","message":"Found bean property 'title' of type [java.lang.String]"}{"timestamp":"2026-05-24 23:30:50","level":"TRACE","logger":"org.springframework.beans.CachedIntrospectionResults","message":"Found bean property 'updatedAt' of type [java.time.Instant]"}{"timestamp":"2026-05-24 23:30:50","level":"TRACE","logger":"org.springframework.beans.CachedIntrospectionResults","message":"Found bean property 'updatedBy' of type [java.lang.String]"}{"timestamp":"2026-05-24 23:30:50","level":"TRACE","logger":"org.springframework.beans.CachedIntrospectionResults","message":"Found bean property 'urgent' of type [java.lang.Boolean]"}{"timestamp":"2026-05-24 23:30:50","level":"TRACE","logger":"org.springframework.beans.CachedIntrospectionResults","message":"Found bean property 'workType' of type [java.lang.String]"}{"timestamp":"2026-05-24 23:30:50","level":"DEBUG","logger":"org.springframework.beans.CachedIntrospectionResults","message":"Not strongly caching class [com.sp.jobportal.entity.Job] because it is not cache-safe"}{"timestamp":"2026-05-24 23:30:50","level":"TRACE","logger":"org.postgresql.core.v3.ScramAuthenticator","message":"channelBinding( PREFER )"}{"timestamp":"2026-05-24 23:30:50","level":"TRACE","logger":"org.postgresql.core.v3.ScramAuthenticator","message":" <=BE AuthenticationSASL( [SCRAM-SHA-256] )"}{"timestamp":"2026-05-24 23:30:50","level":"TRACE","logger":"org.postgresql.core.v3.ScramAuthenticator","message":" Using SCRAM mechanism: SCRAM-SHA-256"}{"timestamp":"2026-05-24 23:30:50","level":"TRACE","logger":"org.postgresql.core.v3.ScramAuthenticator","message":" FE=> SASLInitialResponse( n,,n=*,r=`|Q~r_]6S}Yjm-FxVn@jvr{x )"}{"timestamp":"2026-05-24 23:30:50","level":"TRACE","logger":"org.postgresql.core.v3.ScramAuthenticator","message":" <=BE AuthenticationSASLContinue( r=`|Q~r_]6S}Yjm-FxVn@jvr{xeV8yBOBbJz1CUUBmoW2q1wry,s=+p9cRb7xbCOO/G8WmFmMDA==,i=4096 )"}{"timestamp":"2026-05-24 23:30:50","level":"DEBUG","logger":"org.springframework.data.repository.core.support.RepositoryFactorySupport","message":"Initializing repository instance for com.sp.jobportal.repository.JobPortalUserRepository…"}{"timestamp":"2026-05-24 23:30:50","level":"TRACE","logger":"org.springframework.beans.factory.support.DefaultListableBeanFactory","message":"Returning cached instance of singleton bean 'applicationStartup'"}{"timestamp":"2026-05-24 23:30:50","level":"TRACE","logger":"org.springframework.data.repository.core.support.RepositoryFactorySupport","message":"Register DefaultMethodInvokingMethodInterceptor for com.sp.jobportal.repository.JobPortalUserRepository…"}{"timestamp":"2026-05-24 23:30:50","level":"DEBUG","logger":"org.springframework.data.jpa.repository.query.NamedQuery","message":"Looking up named query 'JobPortalUser.findJobPortalUserByEmail'"}{"timestamp":"2026-05-24 23:30:50","level":"DEBUG","logger":"org.hibernate.orm.core","message":"HHH006588: Opening session [tenant=null]"}{"timestamp":"2026-05-24 23:30:50","level":"TRACE","logger":"org.hibernate.orm.service","message":"HHH010500: Initializing service: org.hibernate.stat.spi.StatisticsImplementor"}{"timestamp":"2026-05-24 23:30:50","level":"TRACE","logger":"org.hibernate.statistics","message":"HHH000460: Statistics initialized"}{"timestamp":"2026-05-24 23:30:50","level":"TRACE","logger":"org.hibernate.statistics","message":"HHH000462: Statistics collection disabled"}{"timestamp":"2026-05-24 23:30:50","level":"TRACE","logger":"org.hibernate.orm.session","message":"Opened Session [6bf8f951-6b25-450d-ab61-54ab908003f4] at timestamp: 1779665450423"}{"timestamp":"2026-05-24 23:30:50","level":"TRACE","logger":"org.hibernate.orm.jdbc","message":"HHH100037: JDBC transaction marked for rollback only (exception provided for stack trace)"}java.lang.Exception: exception just for purpose of providing stack trace
	at org.hibernate.resource.transaction.backend.jdbc.internal.JdbcResourceLocalTransactionCoordinatorImpl$TransactionDriverControlImpl.markRollbackOnly(JdbcResourceLocalTransactionCoordinatorImpl.java:303)
	at org.hibernate.internal.AbstractSharedSessionContract.convertNamedQueryException(AbstractSharedSessionContract.java:1274)
	at org.hibernate.internal.AbstractSharedSessionContract.createNamedQuery(AbstractSharedSessionContract.java:1159)
	at org.hibernate.internal.SessionImpl.createNamedQuery(SessionImpl.java:155)
	at org.hibernate.internal.AbstractSharedSessionContract.createNamedQuery(AbstractSharedSessionContract.java:142)
	at java.base/jdk.internal.reflect.DirectMethodHandleAccessor.invoke(DirectMethodHandleAccessor.java:103)
	at java.base/java.lang.reflect.Method.invoke(Method.java:580)
	at org.springframework.orm.jpa.ExtendedEntityManagerCreator$ExtendedEntityManagerInvocationHandler.invoke(ExtendedEntityManagerCreator.java:362)
	at jdk.proxy6/jdk.proxy6.$Proxy200.createNamedQuery(Unknown Source)
	at org.springframework.data.jpa.repository.query.NamedQuery.hasNamedQuery(NamedQuery.java:143)
	at org.springframework.data.jpa.repository.query.NamedQuery.lookupFrom(NamedQuery.java:171)
	at org.springframework.data.jpa.repository.query.JpaQueryLookupStrategy$DeclaredQueryLookupStrategy.resolveQuery(JpaQueryLookupStrategy.java:172)
	at org.springframework.data.jpa.repository.query.JpaQueryLookupStrategy$CreateIfNotFoundQueryLookupStrategy.resolveQuery(JpaQueryLookupStrategy.java:285)
	at org.springframework.data.jpa.repository.query.JpaQueryLookupStrategy$AbstractQueryLookupStrategy.resolveQuery(JpaQueryLookupStrategy.java:93)
	at org.springframework.data.repository.core.support.QueryExecutorMethodInterceptor.lookupQuery(QueryExecutorMethodInterceptor.java:114)
	at org.springframework.data.repository.core.support.QueryExecutorMethodInterceptor.mapMethodsToQuery(QueryExecutorMethodInterceptor.java:102)
	at org.springframework.data.repository.core.support.QueryExecutorMethodInterceptor.<init>(QueryExecutorMethodInterceptor.java:90)
	at org.springframework.data.repository.core.support.RepositoryFactorySupport.getRepository(RepositoryFactorySupport.java:413)
	at org.springframework.data.repository.core.support.RepositoryFactoryBeanSupport.lambda$afterPropertiesSet$1(RepositoryFactoryBeanSupport.java:361)
	at org.springframework.data.util.Lazy.getNullable(Lazy.java:136)
	at org.springframework.data.util.Lazy.get(Lazy.java:114)
	at org.springframework.data.repository.core.support.RepositoryFactoryBeanSupport.afterPropertiesSet(RepositoryFactoryBeanSupport.java:370)
	at org.springframework.data.jpa.repository.support.JpaRepositoryFactoryBean.afterPropertiesSet(JpaRepositoryFactoryBean.java:212)
	at org.springframework.beans.factory.support.AbstractAutowireCapableBeanFactory.invokeInitMethods(AbstractAutowireCapableBeanFactory.java:1864)
	at org.springframework.beans.factory.support.AbstractAutowireCapableBeanFactory.initializeBean(AbstractAutowireCapableBeanFactory.java:1813)
	at org.springframework.beans.factory.support.AbstractAutowireCapableBeanFactory.doCreateBean(AbstractAutowireCapableBeanFactory.java:603)
	at org.springframework.beans.factory.support.AbstractAutowireCapableBeanFactory.createBean(AbstractAutowireCapableBeanFactory.java:525)
	at org.springframework.beans.factory.support.AbstractBeanFactory.lambda$doGetBean$0(AbstractBeanFactory.java:333)
	at org.springframework.beans.factory.support.DefaultSingletonBeanRegistry.getSingleton(DefaultSingletonBeanRegistry.java:371)
	at org.springframework.beans.factory.support.AbstractBeanFactory.doGetBean(AbstractBeanFactory.java:331)
	at org.springframework.beans.factory.support.AbstractBeanFactory.getBean(AbstractBeanFactory.java:201)
	at org.springframework.beans.factory.support.DefaultListableBeanFactory.resolveBean(DefaultListableBeanFactory.java:1225)
	at org.springframework.beans.factory.support.DefaultListableBeanFactory.doResolveDependency(DefaultListableBeanFactory.java:1704)
	at org.springframework.beans.factory.support.DefaultListableBeanFactory.resolveDependency(DefaultListableBeanFactory.java:1651)
	at org.springframework.beans.factory.support.ConstructorResolver.resolveAutowiredArgument(ConstructorResolver.java:912)
	at org.springframework.beans.factory.support.ConstructorResolver.createArgumentArray(ConstructorResolver.java:791)
	at org.springframework.beans.factory.support.ConstructorResolver.autowireConstructor(ConstructorResolver.java:240)
	at org.springframework.beans.factory.support.AbstractAutowireCapableBeanFactory.autowireConstructor(AbstractAutowireCapableBeanFactory.java:1382)
	at org.springframework.beans.factory.support.AbstractAutowireCapableBeanFactory.createBeanInstance(AbstractAutowireCapableBeanFactory.java:1221)
	at org.springframework.beans.factory.support.AbstractAutowireCapableBeanFactory.doCreateBean(AbstractAutowireCapableBeanFactory.java:565)
	at org.springframework.beans.factory.support.AbstractAutowireCapableBeanFactory.createBean(AbstractAutowireCapableBeanFactory.java:525)
	at org.springframework.beans.factory.support.AbstractBeanFactory.lambda$doGetBean$0(AbstractBeanFactory.java:333)
	at org.springframework.beans.factory.support.DefaultSingletonBeanRegistry.getSingleton(DefaultSingletonBeanRegistry.java:371)
	at org.springframework.beans.factory.support.AbstractBeanFactory.doGetBean(AbstractBeanFactory.java:331)
	at org.springframework.beans.factory.support.AbstractBeanFactory.getBean(AbstractBeanFactory.java:201)
	at org.springframework.beans.factory.config.DependencyDescriptor.resolveCandidate(DependencyDescriptor.java:229)
	at org.springframework.beans.factory.support.DefaultListableBeanFactory.doResolveDependency(DefaultListableBeanFactory.java:1762)
	at org.springframework.beans.factory.support.DefaultListableBeanFactory.resolveDependency(DefaultListableBeanFactory.java:1651)
	at org.springframework.beans.factory.support.ConstructorResolver.resolveAutowiredArgument(ConstructorResolver.java:912)
	at org.springframework.beans.factory.support.ConstructorResolver.createArgumentArray(ConstructorResolver.java:791)
	at org.springframework.beans.factory.support.ConstructorResolver.instantiateUsingFactoryMethod(ConstructorResolver.java:546)
	at org.springframework.beans.factory.support.AbstractAutowireCapableBeanFactory.instantiateUsingFactoryMethod(AbstractAutowireCapableBeanFactory.java:1362)
	at org.springframework.beans.factory.support.AbstractAutowireCapableBeanFactory.createBeanInstance(AbstractAutowireCapableBeanFactory.java:1194)
	at org.springframework.beans.factory.support.AbstractAutowireCapableBeanFactory.doCreateBean(AbstractAutowireCapableBeanFactory.java:565)
	at org.springframework.beans.factory.support.AbstractAutowireCapableBeanFactory.createBean(AbstractAutowireCapableBeanFactory.java:525)
	at org.springframework.beans.factory.support.AbstractBeanFactory.lambda$doGetBean$0(AbstractBeanFactory.java:333)
	at org.springframework.beans.factory.support.DefaultSingletonBeanRegistry.getSingleton(DefaultSingletonBeanRegistry.java:371)
	at org.springframework.beans.factory.support.AbstractBeanFactory.doGetBean(AbstractBeanFactory.java:331)
	at org.springframework.beans.factory.support.AbstractBeanFactory.getBean(AbstractBeanFactory.java:201)
	at org.springframework.beans.factory.support.DefaultListableBeanFactory.resolveBean(DefaultListableBeanFactory.java:1225)
	at org.springframework.beans.factory.support.DefaultListableBeanFactory.doResolveDependency(DefaultListableBeanFactory.java:1704)
	at org.springframework.beans.factory.support.DefaultListableBeanFactory.resolveDependency(DefaultListableBeanFactory.java:1651)
	at org.springframework.beans.factory.support.ConstructorResolver.resolveAutowiredArgument(ConstructorResolver.java:912)
	at org.springframework.beans.factory.support.ConstructorResolver.createArgumentArray(ConstructorResolver.java:791)
	at org.springframework.beans.factory.support.ConstructorResolver.autowireConstructor(ConstructorResolver.java:240)
	at org.springframework.beans.factory.support.AbstractAutowireCapableBeanFactory.autowireConstructor(AbstractAutowireCapableBeanFactory.java:1382)
	at org.springframework.beans.factory.support.AbstractAutowireCapableBeanFactory.createBeanInstance(AbstractAutowireCapableBeanFactory.java:1221)
	at org.springframework.beans.factory.support.AbstractAutowireCapableBeanFactory.doCreateBean(AbstractAutowireCapableBeanFactory.java:565)
	at org.springframework.beans.factory.support.AbstractAutowireCapableBeanFactory.createBean(AbstractAutowireCapableBeanFactory.java:525)
	at org.springframework.beans.factory.support.AbstractBeanFactory.lambda$doGetBean$0(AbstractBeanFactory.java:333)
	at org.springframework.beans.factory.support.DefaultSingletonBeanRegistry.getSingleton(DefaultSingletonBeanRegistry.java:371)
	at org.springframework.beans.factory.support.AbstractBeanFactory.doGetBean(AbstractBeanFactory.java:331)
	at org.springframework.beans.factory.support.AbstractBeanFactory.getBean(AbstractBeanFactory.java:196)
	at org.springframework.beans.factory.support.DefaultListableBeanFactory.instantiateSingleton(DefaultListableBeanFactory.java:1218)
	at org.springframework.beans.factory.support.DefaultListableBeanFactory.preInstantiateSingleton(DefaultListableBeanFactory.java:1184)
	at org.springframework.beans.factory.support.DefaultListableBeanFactory.preInstantiateSingletons(DefaultListableBeanFactory.java:1121)
	at org.springframework.context.support.AbstractApplicationContext.finishBeanFactoryInitialization(AbstractApplicationContext.java:994)
	at org.springframework.context.support.AbstractApplicationContext.refresh(AbstractApplicationContext.java:621)
	at org.springframework.boot.web.server.servlet.context.ServletWebServerApplicationContext.refresh(ServletWebServerApplicationContext.java:143)
	at org.springframework.boot.SpringApplication.refresh(SpringApplication.java:756)
	at org.springframework.boot.SpringApplication.refreshContext(SpringApplication.java:445)
	at org.springframework.boot.SpringApplication.run(SpringApplication.java:321)
	at org.springframework.boot.SpringApplication.run(SpringApplication.java:1365)
	at org.springframework.boot.SpringApplication.run(SpringApplication.java:1354)
	at com.sp.jobportal.Application.main(Application.java:19)
	at java.base/jdk.internal.reflect.DirectMethodHandleAccessor.invoke(DirectMethodHandleAccessor.java:103)
	at java.base/java.lang.reflect.Method.invoke(Method.java:580)
	at org.springframework.boot.devtools.restart.RestartLauncher.run(RestartLauncher.java:52)
{"timestamp":"2026-05-24 23:30:50","level":"TRACE","logger":"org.hibernate.orm.session","message":"Closing session [6bf8f951-6b25-450d-ab61-54ab908003f4]"}{"timestamp":"2026-05-24 23:30:50","level":"DEBUG","logger":"org.hibernate.session.metrics","message":"HHH000401: Logging session metrics:
	0 ns acquiring 0 JDBC connections
	0 ns releasing 0 JDBC connections
	0 ns preparing 0 JDBC statements
	0 ns executing 0 JDBC statements
	0 ns executing 0 JDBC batches
	0 ns performing 0 second-level cache puts
	0 ns performing 0 second-level cache hits
	0 ns performing 0 second-level cache misses
	0 ns executing 0 flushes (flushing a total of 0 entities and 0 collections)
	0 ns executing 0 pre-partial-flushes
	0 ns executing 0 partial-flushes (flushing a total of 0 entities and 0 collections)
"}{"timestamp":"2026-05-24 23:30:50","level":"TRACE","logger":"org.hibernate.orm.resource.registry","message":"HHH10002501: Releasing registered JDBC resources"}{"timestamp":"2026-05-24 23:30:50","level":"TRACE","logger":"org.hibernate.orm.resource.jdbc","message":"HHH10003017: Closing logical connection @1884495364"}{"timestamp":"2026-05-24 23:30:50","level":"TRACE","logger":"org.hibernate.orm.resource.jdbc","message":"HHH10003018: Closed logical connection @1884495364"}{"timestamp":"2026-05-24 23:30:50","level":"DEBUG","logger":"org.springframework.data.jpa.repository.query.NamedQuery","message":"Did not find named query JobPortalUser.findJobPortalUserByEmail"}{"timestamp":"2026-05-24 23:30:50","level":"DEBUG","logger":"org.springframework.data.jpa.repository.query.NamedQuery","message":"Looking up named query 'JobPortalUser.readUserByEmailOrMobileNumber'"}{"timestamp":"2026-05-24 23:30:50","level":"DEBUG","logger":"org.hibernate.orm.core","message":"HHH006588: Opening session [tenant=null]"}{"timestamp":"2026-05-24 23:30:50","level":"TRACE","logger":"org.postgresql.core.v3.ScramAuthenticator","message":" FE=> SASLResponse( c=biws,r=`|Q~r_]6S}Yjm-FxVn@jvr{xeV8yBOBbJz1CUUBmoW2q1wry,p=NWvA3uWkqAQlozhTWHcOwamYi/xAKIqRt9ILMXfp2fI= )"}{"timestamp":"2026-05-24 23:30:50","level":"TRACE","logger":"org.hibernate.orm.session","message":"Opened Session [ce14f2a9-eb2b-40fd-aa79-c9cd6ff8181e] at timestamp: 1779665450428"}{"timestamp":"2026-05-24 23:30:50","level":"TRACE","logger":"org.hibernate.orm.jdbc","message":"HHH100037: JDBC transaction marked for rollback only (exception provided for stack trace)"}java.lang.Exception: exception just for purpose of providing stack trace
	at org.hibernate.resource.transaction.backend.jdbc.internal.JdbcResourceLocalTransactionCoordinatorImpl$TransactionDriverControlImpl.markRollbackOnly(JdbcResourceLocalTransactionCoordinatorImpl.java:303)
	at org.hibernate.internal.AbstractSharedSessionContract.convertNamedQueryException(AbstractSharedSessionContract.java:1274)
	at org.hibernate.internal.AbstractSharedSessionContract.createNamedQuery(AbstractSharedSessionContract.java:1159)
	at org.hibernate.internal.SessionImpl.createNamedQuery(SessionImpl.java:155)
	at org.hibernate.internal.AbstractSharedSessionContract.createNamedQuery(AbstractSharedSessionContract.java:142)
	at java.base/jdk.internal.reflect.DirectMethodHandleAccessor.invoke(DirectMethodHandleAccessor.java:103)
	at java.base/java.lang.reflect.Method.invoke(Method.java:580)
	at org.springframework.orm.jpa.ExtendedEntityManagerCreator$ExtendedEntityManagerInvocationHandler.invoke(ExtendedEntityManagerCreator.java:362)
	at jdk.proxy6/jdk.proxy6.$Proxy200.createNamedQuery(Unknown Source)
	at org.springframework.data.jpa.repository.query.NamedQuery.hasNamedQuery(NamedQuery.java:143)
	at org.springframework.data.jpa.repository.query.NamedQuery.lookupFrom(NamedQuery.java:171)
	at org.springframework.data.jpa.repository.query.JpaQueryLookupStrategy$DeclaredQueryLookupStrategy.resolveQuery(JpaQueryLookupStrategy.java:172)
	at org.springframework.data.jpa.repository.query.JpaQueryLookupStrategy$CreateIfNotFoundQueryLookupStrategy.resolveQuery(JpaQueryLookupStrategy.java:285)
	at org.springframework.data.jpa.repository.query.JpaQueryLookupStrategy$AbstractQueryLookupStrategy.resolveQuery(JpaQueryLookupStrategy.java:93)
	at org.springframework.data.repository.core.support.QueryExecutorMethodInterceptor.lookupQuery(QueryExecutorMethodInterceptor.java:114)
	at org.springframework.data.repository.core.support.QueryExecutorMethodInterceptor.mapMethodsToQuery(QueryExecutorMethodInterceptor.java:102)
	at org.springframework.data.repository.core.support.QueryExecutorMethodInterceptor.<init>(QueryExecutorMethodInterceptor.java:90)
	at org.springframework.data.repository.core.support.RepositoryFactorySupport.getRepository(RepositoryFactorySupport.java:413)
	at org.springframework.data.repository.core.support.RepositoryFactoryBeanSupport.lambda$afterPropertiesSet$1(RepositoryFactoryBeanSupport.java:361)
	at org.springframework.data.util.Lazy.getNullable(Lazy.java:136)
	at org.springframework.data.util.Lazy.get(Lazy.java:114)
	at org.springframework.data.repository.core.support.RepositoryFactoryBeanSupport.afterPropertiesSet(RepositoryFactoryBeanSupport.java:370)
	at org.springframework.data.jpa.repository.support.JpaRepositoryFactoryBean.afterPropertiesSet(JpaRepositoryFactoryBean.java:212)
	at org.springframework.beans.factory.support.AbstractAutowireCapableBeanFactory.invokeInitMethods(AbstractAutowireCapableBeanFactory.java:1864)
	at org.springframework.beans.factory.support.AbstractAutowireCapableBeanFactory.initializeBean(AbstractAutowireCapableBeanFactory.java:1813)
	at org.springframework.beans.factory.support.AbstractAutowireCapableBeanFactory.doCreateBean(AbstractAutowireCapableBeanFactory.java:603)
	at org.springframework.beans.factory.support.AbstractAutowireCapableBeanFactory.createBean(AbstractAutowireCapableBeanFactory.java:525)
	at org.springframework.beans.factory.support.AbstractBeanFactory.lambda$doGetBean$0(AbstractBeanFactory.java:333)
	at org.springframework.beans.factory.support.DefaultSingletonBeanRegistry.getSingleton(DefaultSingletonBeanRegistry.java:371)
	at org.springframework.beans.factory.support.AbstractBeanFactory.doGetBean(AbstractBeanFactory.java:331)
	at org.springframework.beans.factory.support.AbstractBeanFactory.getBean(AbstractBeanFactory.java:201)
	at org.springframework.beans.factory.support.DefaultListableBeanFactory.resolveBean(DefaultListableBeanFactory.java:1225)
	at org.springframework.beans.factory.support.DefaultListableBeanFactory.doResolveDependency(DefaultListableBeanFactory.java:1704)
	at org.springframework.beans.factory.support.DefaultListableBeanFactory.resolveDependency(DefaultListableBeanFactory.java:1651)
	at org.springframework.beans.factory.support.ConstructorResolver.resolveAutowiredArgument(ConstructorResolver.java:912)
	at org.springframework.beans.factory.support.ConstructorResolver.createArgumentArray(ConstructorResolver.java:791)
	at org.springframework.beans.factory.support.ConstructorResolver.autowireConstructor(ConstructorResolver.java:240)
	at org.springframework.beans.factory.support.AbstractAutowireCapableBeanFactory.autowireConstructor(AbstractAutowireCapableBeanFactory.java:1382)
	at org.springframework.beans.factory.support.AbstractAutowireCapableBeanFactory.createBeanInstance(AbstractAutowireCapableBeanFactory.java:1221)
	at org.springframework.beans.factory.support.AbstractAutowireCapableBeanFactory.doCreateBean(AbstractAutowireCapableBeanFactory.java:565)
	at org.springframework.beans.factory.support.AbstractAutowireCapableBeanFactory.createBean(AbstractAutowireCapableBeanFactory.java:525)
	at org.springframework.beans.factory.support.AbstractBeanFactory.lambda$doGetBean$0(AbstractBeanFactory.java:333)
	at org.springframework.beans.factory.support.DefaultSingletonBeanRegistry.getSingleton(DefaultSingletonBeanRegistry.java:371)
	at org.springframework.beans.factory.support.AbstractBeanFactory.doGetBean(AbstractBeanFactory.java:331)
	at org.springframework.beans.factory.support.AbstractBeanFactory.getBean(AbstractBeanFactory.java:201)
	at org.springframework.beans.factory.config.DependencyDescriptor.resolveCandidate(DependencyDescriptor.java:229)
	at org.springframework.beans.factory.support.DefaultListableBeanFactory.doResolveDependency(DefaultListableBeanFactory.java:1762)
	at org.springframework.beans.factory.support.DefaultListableBeanFactory.resolveDependency(DefaultListableBeanFactory.java:1651)
	at org.springframework.beans.factory.support.ConstructorResolver.resolveAutowiredArgument(ConstructorResolver.java:912)
	at org.springframework.beans.factory.support.ConstructorResolver.createArgumentArray(ConstructorResolver.java:791)
	at org.springframework.beans.factory.support.ConstructorResolver.instantiateUsingFactoryMethod(ConstructorResolver.java:546)
	at org.springframework.beans.factory.support.AbstractAutowireCapableBeanFactory.instantiateUsingFactoryMethod(AbstractAutowireCapableBeanFactory.java:1362)
	at org.springframework.beans.factory.support.AbstractAutowireCapableBeanFactory.createBeanInstance(AbstractAutowireCapableBeanFactory.java:1194)
	at org.springframework.beans.factory.support.AbstractAutowireCapableBeanFactory.doCreateBean(AbstractAutowireCapableBeanFactory.java:565)
	at org.springframework.beans.factory.support.AbstractAutowireCapableBeanFactory.createBean(AbstractAutowireCapableBeanFactory.java:525)
	at org.springframework.beans.factory.support.AbstractBeanFactory.lambda$doGetBean$0(AbstractBeanFactory.java:333)
	at org.springframework.beans.factory.support.DefaultSingletonBeanRegistry.getSingleton(DefaultSingletonBeanRegistry.java:371)
	at org.springframework.beans.factory.support.AbstractBeanFactory.doGetBean(AbstractBeanFactory.java:331)
	at org.springframework.beans.factory.support.AbstractBeanFactory.getBean(AbstractBeanFactory.java:201)
	at org.springframework.beans.factory.support.DefaultListableBeanFactory.resolveBean(DefaultListableBeanFactory.java:1225)
	at org.springframework.beans.factory.support.DefaultListableBeanFactory.doResolveDependency(DefaultListableBeanFactory.java:1704)
	at org.springframework.beans.factory.support.DefaultListableBeanFactory.resolveDependency(DefaultListableBeanFactory.java:1651)
	at org.springframework.beans.factory.support.ConstructorResolver.resolveAutowiredArgument(ConstructorResolver.java:912)
	at org.springframework.beans.factory.support.ConstructorResolver.createArgumentArray(ConstructorResolver.java:791)
	at org.springframework.beans.factory.support.ConstructorResolver.autowireConstructor(ConstructorResolver.java:240)
	at org.springframework.beans.factory.support.AbstractAutowireCapableBeanFactory.autowireConstructor(AbstractAutowireCapableBeanFactory.java:1382)
	at org.springframework.beans.factory.support.AbstractAutowireCapableBeanFactory.createBeanInstance(AbstractAutowireCapableBeanFactory.java:1221)
	at org.springframework.beans.factory.support.AbstractAutowireCapableBeanFactory.doCreateBean(AbstractAutowireCapableBeanFactory.java:565)
	at org.springframework.beans.factory.support.AbstractAutowireCapableBeanFactory.createBean(AbstractAutowireCapableBeanFactory.java:525)
	at org.springframework.beans.factory.support.AbstractBeanFactory.lambda$doGetBean$0(AbstractBeanFactory.java:333)
	at org.springframework.beans.factory.support.DefaultSingletonBeanRegistry.getSingleton(DefaultSingletonBeanRegistry.java:371)
	at org.springframework.beans.factory.support.AbstractBeanFactory.doGetBean(AbstractBeanFactory.java:331)
	at org.springframework.beans.factory.support.AbstractBeanFactory.getBean(AbstractBeanFactory.java:196)
	at org.springframework.beans.factory.support.DefaultListableBeanFactory.instantiateSingleton(DefaultListableBeanFactory.java:1218)
	at org.springframework.beans.factory.support.DefaultListableBeanFactory.preInstantiateSingleton(DefaultListableBeanFactory.java:1184)
	at org.springframework.beans.factory.support.DefaultListableBeanFactory.preInstantiateSingletons(DefaultListableBeanFactory.java:1121)
	at org.springframework.context.support.AbstractApplicationContext.finishBeanFactoryInitialization(AbstractApplicationContext.java:994)
	at org.springframework.context.support.AbstractApplicationContext.refresh(AbstractApplicationContext.java:621)
	at org.springframework.boot.web.server.servlet.context.ServletWebServerApplicationContext.refresh(ServletWebServerApplicationContext.java:143)
	at org.springframework.boot.SpringApplication.refresh(SpringApplication.java:756)
	at org.springframework.boot.SpringApplication.refreshContext(SpringApplication.java:445)
	at org.springframework.boot.SpringApplication.run(SpringApplication.java:321)
	at org.springframework.boot.SpringApplication.run(SpringApplication.java:1365)
	at org.springframework.boot.SpringApplication.run(SpringApplication.java:1354)
	at com.sp.jobportal.Application.main(Application.java:19)
	at java.base/jdk.internal.reflect.DirectMethodHandleAccessor.invoke(DirectMethodHandleAccessor.java:103)
	at java.base/java.lang.reflect.Method.invoke(Method.java:580)
	at org.springframework.boot.devtools.restart.RestartLauncher.run(RestartLauncher.java:52)
{"timestamp":"2026-05-24 23:30:50","level":"TRACE","logger":"org.hibernate.orm.session","message":"Closing session [ce14f2a9-eb2b-40fd-aa79-c9cd6ff8181e]"}{"timestamp":"2026-05-24 23:30:50","level":"DEBUG","logger":"org.hibernate.session.metrics","message":"HHH000401: Logging session metrics:
	0 ns acquiring 0 JDBC connections
	0 ns releasing 0 JDBC connections
	0 ns preparing 0 JDBC statements
	0 ns executing 0 JDBC statements
	0 ns executing 0 JDBC batches
	0 ns performing 0 second-level cache puts
	0 ns performing 0 second-level cache hits
	0 ns performing 0 second-level cache misses
	0 ns executing 0 flushes (flushing a total of 0 entities and 0 collections)
	0 ns executing 0 pre-partial-flushes
	0 ns executing 0 partial-flushes (flushing a total of 0 entities and 0 collections)
"}{"timestamp":"2026-05-24 23:30:50","level":"TRACE","logger":"org.hibernate.orm.resource.registry","message":"HHH10002501: Releasing registered JDBC resources"}{"timestamp":"2026-05-24 23:30:50","level":"TRACE","logger":"org.hibernate.orm.resource.jdbc","message":"HHH10003017: Closing logical connection @1770977156"}{"timestamp":"2026-05-24 23:30:50","level":"TRACE","logger":"org.hibernate.orm.resource.jdbc","message":"HHH10003018: Closed logical connection @1770977156"}{"timestamp":"2026-05-24 23:30:50","level":"DEBUG","logger":"org.springframework.data.jpa.repository.query.NamedQuery","message":"Did not find named query JobPortalUser.readUserByEmailOrMobileNumber"}{"timestamp":"2026-05-24 23:30:50","level":"TRACE","logger":"org.springframework.aop.framework.JdkDynamicAopProxy","message":"Creating JDK dynamic proxy: SingletonTargetSource for target object [org.springframework.data.jpa.repository.support.SimpleJpaRepository@a10cf45]"}{"timestamp":"2026-05-24 23:30:50","level":"DEBUG","logger":"org.springframework.data.repository.core.support.RepositoryFactorySupport","message":"Finished creation of repository instance for com.sp.jobportal.repository.JobPortalUserRepository."}{"timestamp":"2026-05-24 23:30:50","level":"TRACE","logger":"org.springframework.beans.factory.support.DefaultListableBeanFactory","message":"Returning cached instance of singleton bean 'org.springframework.transaction.config.internalTransactionAdvisor'"}{"timestamp":"2026-05-24 23:30:50","level":"TRACE","logger":"org.springframework.beans.factory.support.DefaultListableBeanFactory","message":"Returning cached instance of singleton bean 'org.springframework.transaction.config.internalTransactionAdvisor'"}{"timestamp":"2026-05-24 23:30:50","level":"TRACE","logger":"org.springframework.beans.factory.support.DefaultListableBeanFactory","message":"Finished creating instance of bean 'jobPortalUserRepository'"}{"timestamp":"2026-05-24 23:30:50","level":"TRACE","logger":"org.springframework.beans.factory.support.DefaultListableBeanFactory","message":"Returning cached instance of singleton bean 'org.springframework.transaction.config.internalTransactionAdvisor'"}{"timestamp":"2026-05-24 23:30:50","level":"TRACE","logger":"org.springframework.beans.factory.support.DefaultListableBeanFactory","message":"Returning cached instance of singleton bean 'org.springframework.transaction.config.internalTransactionAdvisor'"}{"timestamp":"2026-05-24 23:30:50","level":"DEBUG","logger":"org.springframework.beans.factory.support.DefaultListableBeanFactory","message":"Autowiring by type from bean name 'jobPortalUserNamePwdAuthenticationProvider' via constructor to bean named 'passwordEncoder'"}{"timestamp":"2026-05-24 23:30:50","level":"DEBUG","logger":"org.springframework.beans.factory.support.DefaultListableBeanFactory","message":"Autowiring by type from bean name 'jobPortalUserNamePwdAuthenticationProvider' via constructor to bean named 'jobPortalUserRepository'"}{"timestamp":"2026-05-24 23:30:50","level":"TRACE","logger":"org.springframework.beans.factory.support.DefaultListableBeanFactory","message":"Returning cached instance of singleton bean 'org.springframework.transaction.config.internalTransactionAdvisor'"}{"timestamp":"2026-05-24 23:30:50","level":"TRACE","logger":"org.springframework.beans.factory.support.DefaultListableBeanFactory","message":"Returning cached instance of singleton bean 'org.springframework.transaction.config.internalTransactionAdvisor'"}{"timestamp":"2026-05-24 23:30:50","level":"TRACE","logger":"org.springframework.beans.factory.support.DefaultListableBeanFactory","message":"Finished creating instance of bean 'jobPortalUserNamePwdAuthenticationProvider'"}{"timestamp":"2026-05-24 23:30:50","level":"DEBUG","logger":"org.springframework.beans.factory.support.DefaultListableBeanFactory","message":"Autowiring by type from bean name 'authenticationManager' via factory method to bean named 'jobPortalUserNamePwdAuthenticationProvider'"}{"timestamp":"2026-05-24 23:30:50","level":"TRACE","logger":"org.springframework.beans.factory.support.DefaultListableBeanFactory","message":"Invoking afterPropertiesSet() on bean with name 'authenticationManager'"}{"timestamp":"2026-05-24 23:30:50","level":"TRACE","logger":"org.springframework.beans.factory.support.DefaultListableBeanFactory","message":"Returning cached instance of singleton bean 'org.springframework.transaction.config.internalTransactionAdvisor'"}{"timestamp":"2026-05-24 23:30:50","level":"TRACE","logger":"org.springframework.beans.factory.support.DefaultListableBeanFactory","message":"Returning cached instance of singleton bean 'org.springframework.transaction.config.internalTransactionAdvisor'"}{"timestamp":"2026-05-24 23:30:50","level":"TRACE","logger":"org.springframework.beans.factory.support.DefaultListableBeanFactory","message":"Finished creating instance of bean 'authenticationManager'"}{"timestamp":"2026-05-24 23:30:50","level":"DEBUG","logger":"org.springframework.beans.factory.support.DefaultListableBeanFactory","message":"Creating shared instance of singleton bean 'jwtUtil'"}{"timestamp":"2026-05-24 23:30:50","level":"TRACE","logger":"org.springframework.beans.factory.support.DefaultListableBeanFactory","message":"Creating instance of bean 'jwtUtil'"}{"timestamp":"2026-05-24 23:30:50","level":"TRACE","logger":"org.springframework.beans.factory.support.DefaultListableBeanFactory","message":"Returning cached instance of singleton bean 'org.springframework.transaction.config.internalTransactionAdvisor'"}{"timestamp":"2026-05-24 23:30:50","level":"TRACE","logger":"org.springframework.beans.factory.support.DefaultListableBeanFactory","message":"Returning cached instance of singleton bean 'environment'"}{"timestamp":"2026-05-24 23:30:50","level":"DEBUG","logger":"org.springframework.beans.factory.support.DefaultListableBeanFactory","message":"Autowiring by type from bean name 'jwtUtil' via constructor to bean named 'environment'"}{"timestamp":"2026-05-24 23:30:50","level":"TRACE","logger":"org.springframework.beans.factory.support.DefaultListableBeanFactory","message":"Returning cached instance of singleton bean 'org.springframework.transaction.config.internalTransactionAdvisor'"}{"timestamp":"2026-05-24 23:30:50","level":"TRACE","logger":"org.springframework.beans.factory.support.DefaultListableBeanFactory","message":"Returning cached instance of singleton bean 'org.springframework.transaction.config.internalTransactionAdvisor'"}{"timestamp":"2026-05-24 23:30:50","level":"TRACE","logger":"org.springframework.beans.factory.support.DefaultListableBeanFactory","message":"Finished creating instance of bean 'jwtUtil'"}{"timestamp":"2026-05-24 23:30:50","level":"TRACE","logger":"org.springframework.beans.factory.support.DefaultListableBeanFactory","message":"Returning cached instance of singleton bean 'passwordEncoder'"}{"timestamp":"2026-05-24 23:30:50","level":"TRACE","logger":"org.postgresql.core.v3.ScramAuthenticator","message":" <=BE AuthenticationSASLFinal( v=RisZvjbmfzYjmnno786092wDKMLxXGMKhCP7IjcRTxM= )"}{"timestamp":"2026-05-24 23:30:50","level":"TRACE","logger":"org.springframework.beans.factory.support.DefaultListableBeanFactory","message":"Returning cached instance of singleton bean 'jobPortalUserRepository'"}{"timestamp":"2026-05-24 23:30:50","level":"TRACE","logger":"org.postgresql.core.v3.ConnectionFactoryImpl","message":" <=BE AuthenticationOk"}{"timestamp":"2026-05-24 23:30:50","level":"TRACE","logger":"org.postgresql.core.v3.QueryExecutorImpl","message":" <=BE ParameterStatus(in_hot_standby = off)"}{"timestamp":"2026-05-24 23:30:50","level":"TRACE","logger":"org.postgresql.core.v3.QueryExecutorImpl","message":" <=BE ParameterStatus(integer_datetimes = on)"}{"timestamp":"2026-05-24 23:30:50","level":"TRACE","logger":"org.postgresql.core.v3.QueryExecutorImpl","message":" <=BE ParameterStatus(TimeZone = UTC)"}{"timestamp":"2026-05-24 23:30:50","level":"TRACE","logger":"org.postgresql.core.v3.QueryExecutorImpl","message":" <=BE ParameterStatus(IntervalStyle = postgres)"}{"timestamp":"2026-05-24 23:30:50","level":"TRACE","logger":"org.postgresql.core.v3.QueryExecutorImpl","message":" <=BE ParameterStatus(is_superuser = on)"}{"timestamp":"2026-05-24 23:30:50","level":"TRACE","logger":"org.postgresql.core.v3.QueryExecutorImpl","message":" <=BE ParameterStatus(application_name = )"}{"timestamp":"2026-05-24 23:30:50","level":"TRACE","logger":"org.postgresql.core.v3.QueryExecutorImpl","message":" <=BE ParameterStatus(default_transaction_read_only = off)"}{"timestamp":"2026-05-24 23:30:50","level":"TRACE","logger":"org.postgresql.core.v3.QueryExecutorImpl","message":" <=BE ParameterStatus(scram_iterations = 4096)"}{"timestamp":"2026-05-24 23:30:50","level":"TRACE","logger":"org.postgresql.core.v3.QueryExecutorImpl","message":" <=BE ParameterStatus(DateStyle = ISO, MDY)"}{"timestamp":"2026-05-24 23:30:50","level":"TRACE","logger":"org.postgresql.core.v3.QueryExecutorImpl","message":" <=BE ParameterStatus(standard_conforming_strings = on)"}{"timestamp":"2026-05-24 23:30:50","level":"DEBUG","logger":"org.springframework.beans.factory.support.DefaultListableBeanFactory","message":"Creating shared instance of singleton bean 'roleRepository'"}{"timestamp":"2026-05-24 23:30:50","level":"TRACE","logger":"org.postgresql.core.v3.QueryExecutorImpl","message":" <=BE ParameterStatus(session_authorization = myuser)"}{"timestamp":"2026-05-24 23:30:50","level":"TRACE","logger":"org.postgresql.core.v3.QueryExecutorImpl","message":" <=BE ParameterStatus(client_encoding = UTF8)"}{"timestamp":"2026-05-24 23:30:50","level":"TRACE","logger":"org.springframework.beans.factory.support.DefaultListableBeanFactory","message":"Creating instance of bean 'roleRepository'"}{"timestamp":"2026-05-24 23:30:50","level":"TRACE","logger":"org.postgresql.core.v3.QueryExecutorImpl","message":" <=BE ParameterStatus(server_version = 17.9 (Debian 17.9-1.pgdg13+1))"}{"timestamp":"2026-05-24 23:30:50","level":"TRACE","logger":"org.postgresql.core.v3.QueryExecutorImpl","message":" <=BE ParameterStatus(server_encoding = UTF8)"}{"timestamp":"2026-05-24 23:30:50","level":"TRACE","logger":"org.postgresql.core.v3.QueryExecutorImpl","message":" <=BE BackendKeyData(pid=150,ckey=[B@13761a83)"}{"timestamp":"2026-05-24 23:30:50","level":"TRACE","logger":"org.springframework.beans.factory.support.DefaultListableBeanFactory","message":"Returning cached instance of singleton bean 'org.springframework.transaction.config.internalTransactionAdvisor'"}{"timestamp":"2026-05-24 23:30:50","level":"TRACE","logger":"org.postgresql.core.v3.QueryExecutorImpl","message":" <=BE ReadyForQuery(I)"}{"timestamp":"2026-05-24 23:30:50","level":"TRACE","logger":"org.postgresql.core.v3.QueryExecutorImpl","message":"  simple execute, handler=org.postgresql.core.SetupQueryRunner$SimpleResultHandler@3fce92e9, maxRows=0, fetchSize=0, flags=1,047"}{"timestamp":"2026-05-24 23:30:50","level":"TRACE","logger":"org.postgresql.core.v3.QueryExecutorImpl","message":" FE=> SimpleQuery(query="SET application_name = 'PostgreSQL JDBC Driver'")"}{"timestamp":"2026-05-24 23:30:50","level":"DEBUG","logger":"org.springframework.beans.factory.support.DefaultListableBeanFactory","message":"Creating shared instance of singleton bean 'jpa.named-queries#2'"}{"timestamp":"2026-05-24 23:30:50","level":"TRACE","logger":"org.springframework.beans.factory.support.DefaultListableBeanFactory","message":"Creating instance of bean 'jpa.named-queries#2'"}{"timestamp":"2026-05-24 23:30:50","level":"TRACE","logger":"org.springframework.beans.factory.support.DefaultListableBeanFactory","message":"Returning cached instance of singleton bean 'org.springframework.transaction.config.internalTransactionAdvisor'"}{"timestamp":"2026-05-24 23:30:50","level":"TRACE","logger":"org.springframework.beans.TypeConverterDelegate","message":"Converting String to [class [Lorg.springframework.core.io.Resource;] using property editor [org.springframework.core.io.support.ResourceArrayPropertyEditor@1404ba60]"}{"timestamp":"2026-05-24 23:30:50","level":"TRACE","logger":"org.springframework.core.io.support.PathMatchingResourcePatternResolver","message":"Resolved module-path location pattern [META-INF/jpa-named-queries.properties] to resources []"}{"timestamp":"2026-05-24 23:30:50","level":"TRACE","logger":"org.springframework.core.io.support.PathMatchingResourcePatternResolver","message":"Resolved class path location [META-INF/jpa-named-queries.properties] to resources []"}{"timestamp":"2026-05-24 23:30:50","level":"TRACE","logger":"org.postgresql.core.v3.QueryExecutorImpl","message":" <=BE CommandStatus(SET)"}{"timestamp":"2026-05-24 23:30:50","level":"TRACE","logger":"org.postgresql.core.v3.QueryExecutorImpl","message":" <=BE ParameterStatus(application_name = PostgreSQL JDBC Driver)"}{"timestamp":"2026-05-24 23:30:50","level":"TRACE","logger":"org.postgresql.core.v3.QueryExecutorImpl","message":" <=BE ReadyForQuery(I)"}{"timestamp":"2026-05-24 23:30:50","level":"TRACE","logger":"org.postgresql.jdbc.PgConnection","message":"    types using binary send = TIMESTAMPTZ,NUMERIC,OID_ARRAY,UUID,BYTEA_ARRAY,INT2_ARRAY,INT4_ARRAY,BYTEA,TEXT_ARRAY,TIMETZ,INT8,INT2,INT4,VARCHAR_ARRAY,INT8_ARRAY,POINT,TIMESTAMP,TIME,BOX,FLOAT4,FLOAT8,FLOAT4_ARRAY,FLOAT8_ARRAY"}{"timestamp":"2026-05-24 23:30:50","level":"TRACE","logger":"org.postgresql.jdbc.PgConnection","message":"    types using binary receive = TIMESTAMPTZ,NUMERIC,OID_ARRAY,UUID,BYTEA_ARRAY,INT2_ARRAY,INT4_ARRAY,BYTEA,TEXT_ARRAY,TIMETZ,INT8,INT2,INT4,VARCHAR_ARRAY,INT8_ARRAY,POINT,DATE,TIMESTAMP,TIME,BOX,FLOAT4,FLOAT8,FLOAT4_ARRAY,FLOAT8_ARRAY"}{"timestamp":"2026-05-24 23:30:50","level":"TRACE","logger":"org.postgresql.jdbc.PgConnection","message":"    integer date/time = true"}{"timestamp":"2026-05-24 23:30:50","level":"TRACE","logger":"org.springframework.beans.factory.support.DefaultListableBeanFactory","message":"Invoking afterPropertiesSet() on bean with name 'jpa.named-queries#2'"}{"timestamp":"2026-05-24 23:30:50","level":"DEBUG","logger":"com.zaxxer.hikari.pool.PoolBase","message":"HikariPool-3 - Established new connection (9099945f-1333-458e-a5cc-cd89b479d115)"}{"timestamp":"2026-05-24 23:30:50","level":"DEBUG","logger":"com.zaxxer.hikari.pool.HikariPool","message":"HikariPool-3 - Added connection org.postgresql.jdbc.PgConnection@73f6cd5c"}{"timestamp":"2026-05-24 23:30:50","level":"TRACE","logger":"org.springframework.beans.factory.support.DefaultListableBeanFactory","message":"Returning cached instance of singleton bean 'org.springframework.transaction.config.internalTransactionAdvisor'"}{"timestamp":"2026-05-24 23:30:50","level":"TRACE","logger":"org.springframework.beans.factory.support.DefaultListableBeanFactory","message":"Returning cached instance of singleton bean 'org.springframework.transaction.config.internalTransactionAdvisor'"}{"timestamp":"2026-05-24 23:30:50","level":"TRACE","logger":"org.springframework.beans.factory.support.DefaultListableBeanFactory","message":"Finished creating instance of bean 'jpa.named-queries#2'"}{"timestamp":"2026-05-24 23:30:50","level":"TRACE","logger":"org.springframework.beans.factory.support.DefaultListableBeanFactory","message":"Returning cached instance of singleton bean 'org.springframework.transaction.config.internalTransactionAdvisor'"}{"timestamp":"2026-05-24 23:30:50","level":"TRACE","logger":"org.springframework.beans.factory.support.DefaultListableBeanFactory","message":"Returning cached instance of singleton bean 'org.springframework.transaction.config.internalTransactionAdvisor'"}{"timestamp":"2026-05-24 23:30:50","level":"DEBUG","logger":"org.springframework.beans.factory.support.DefaultListableBeanFactory","message":"Creating shared instance of singleton bean 'jpa.RoleRepository.fragments#0'"}{"timestamp":"2026-05-24 23:30:50","level":"TRACE","logger":"org.springframework.beans.factory.support.DefaultListableBeanFactory","message":"Creating instance of bean 'jpa.RoleRepository.fragments#0'"}{"timestamp":"2026-05-24 23:30:50","level":"TRACE","logger":"org.springframework.beans.factory.support.DefaultListableBeanFactory","message":"Returning cached instance of singleton bean 'org.springframework.transaction.config.internalTransactionAdvisor'"}{"timestamp":"2026-05-24 23:30:50","level":"TRACE","logger":"org.springframework.beans.factory.support.DefaultListableBeanFactory","message":"Invoking afterPropertiesSet() on bean with name 'jpa.RoleRepository.fragments#0'"}{"timestamp":"2026-05-24 23:30:50","level":"TRACE","logger":"org.springframework.beans.factory.support.DefaultListableBeanFactory","message":"Returning cached instance of singleton bean 'org.springframework.transaction.config.internalTransactionAdvisor'"}{"timestamp":"2026-05-24 23:30:50","level":"TRACE","logger":"org.springframework.beans.factory.support.DefaultListableBeanFactory","message":"Returning cached instance of singleton bean 'org.springframework.transaction.config.internalTransactionAdvisor'"}{"timestamp":"2026-05-24 23:30:50","level":"TRACE","logger":"org.springframework.beans.factory.support.DefaultListableBeanFactory","message":"Finished creating instance of bean 'jpa.RoleRepository.fragments#0'"}{"timestamp":"2026-05-24 23:30:50","level":"DEBUG","logger":"com.zaxxer.hikari.pool.HikariPool","message":"HikariPool-3 - After adding stats (total=7/10, idle=7/10, active=0, waiting=0)"}{"timestamp":"2026-05-24 23:30:50","level":"TRACE","logger":"org.springframework.beans.factory.support.DefaultListableBeanFactory","message":"Returning cached instance of singleton bean 'org.springframework.transaction.config.internalTransactionAdvisor'"}{"timestamp":"2026-05-24 23:30:50","level":"TRACE","logger":"org.springframework.beans.factory.support.DefaultListableBeanFactory","message":"Returning cached instance of singleton bean 'org.springframework.transaction.config.internalTransactionAdvisor'"}{"timestamp":"2026-05-24 23:30:50","level":"DEBUG","logger":"com.zaxxer.hikari.pool.PoolBase","message":"HikariPool-3 - Attempting to create/setup new connection (fc0d504a-ccff-4431-ad99-9e740e14fc1f)"}{"timestamp":"2026-05-24 23:30:50","level":"DEBUG","logger":"org.postgresql.Driver","message":"Connecting with URL: jdbc:postgresql://127.0.0.1:5433/mydb"}{"timestamp":"2026-05-24 23:30:50","level":"DEBUG","logger":"org.postgresql.jdbc.PgConnection","message":"PostgreSQL JDBC Driver 42.7.10"}{"timestamp":"2026-05-24 23:30:50","level":"DEBUG","logger":"org.postgresql.jdbc.PgConnection","message":"  setDefaultFetchSize = 0"}{"timestamp":"2026-05-24 23:30:50","level":"DEBUG","logger":"org.postgresql.jdbc.PgConnection","message":"  setQueryTimeout = 0"}{"timestamp":"2026-05-24 23:30:50","level":"DEBUG","logger":"org.postgresql.jdbc.PgConnection","message":"  setPrepareThreshold = 5"}{"timestamp":"2026-05-24 23:30:50","level":"DEBUG","logger":"org.postgresql.core.v3.ConnectionFactoryImpl","message":"Trying to establish a protocol version 3 connection to 127.0.0.1:5433"}{"timestamp":"2026-05-24 23:30:50","level":"TRACE","logger":"org.springframework.beans.factory.support.DefaultListableBeanFactory","message":"Returning cached instance of singleton bean 'jpaSharedEM_entityManagerFactory'"}{"timestamp":"2026-05-24 23:30:50","level":"TRACE","logger":"org.springframework.beans.factory.support.DefaultListableBeanFactory","message":"Returning cached instance of singleton bean 'jpaMappingContext'"}{"timestamp":"2026-05-24 23:30:50","level":"TRACE","logger":"org.springframework.beans.factory.support.DefaultListableBeanFactory","message":"Invoking afterPropertiesSet() on bean with name 'roleRepository'"}{"timestamp":"2026-05-24 23:30:50","level":"TRACE","logger":"org.springframework.aop.framework.JdkDynamicAopProxy","message":"Creating JDK dynamic proxy: org.springframework.data.jpa.repository.support.CrudMethodMetadataPostProcessor$ThreadBoundTargetSource@5653faaf"}{"timestamp":"2026-05-24 23:30:50","level":"TRACE","logger":"org.springframework.beans.factory.support.DefaultListableBeanFactory","message":"Creating instance of bean 'org.springframework.data.jpa.repository.query.QueryEnhancerSelector$DefaultQueryEnhancerSelector'"}{"timestamp":"2026-05-24 23:30:50","level":"TRACE","logger":"org.springframework.beans.factory.support.DefaultListableBeanFactory","message":"Finished creating instance of bean 'org.springframework.data.jpa.repository.query.QueryEnhancerSelector$DefaultQueryEnhancerSelector'"}{"timestamp":"2026-05-24 23:30:50","level":"DEBUG","logger":"org.postgresql.core.v3.ConnectionFactoryImpl","message":"Receive Buffer Size is 65,536"}{"timestamp":"2026-05-24 23:30:50","level":"DEBUG","logger":"org.postgresql.core.v3.ConnectionFactoryImpl","message":"Send Buffer Size is 65,536"}{"timestamp":"2026-05-24 23:30:50","level":"TRACE","logger":"org.postgresql.core.v3.ConnectionFactoryImpl","message":" FE=> SSLRequest postgres"}{"timestamp":"2026-05-24 23:30:50","level":"DEBUG","logger":"org.springframework.data.repository.core.support.RepositoryFactorySupport","message":"Initializing repository instance for com.sp.jobportal.repository.RoleRepository…"}{"timestamp":"2026-05-24 23:30:50","level":"TRACE","logger":"org.springframework.beans.factory.support.DefaultListableBeanFactory","message":"Returning cached instance of singleton bean 'applicationStartup'"}{"timestamp":"2026-05-24 23:30:50","level":"TRACE","logger":"org.springframework.data.repository.core.support.RepositoryFactorySupport","message":"Register DefaultMethodInvokingMethodInterceptor for com.sp.jobportal.repository.RoleRepository…"}{"timestamp":"2026-05-24 23:30:50","level":"DEBUG","logger":"org.springframework.data.jpa.repository.query.NamedQuery","message":"Looking up named query 'Role.findRoleByName'"}{"timestamp":"2026-05-24 23:30:50","level":"DEBUG","logger":"org.hibernate.orm.core","message":"HHH006588: Opening session [tenant=null]"}{"timestamp":"2026-05-24 23:30:50","level":"TRACE","logger":"org.hibernate.orm.session","message":"Opened Session [91410f86-4954-40c0-a941-721f3c638c82] at timestamp: 1779665450521"}{"timestamp":"2026-05-24 23:30:50","level":"TRACE","logger":"org.hibernate.orm.jdbc","message":"HHH100037: JDBC transaction marked for rollback only (exception provided for stack trace)"}java.lang.Exception: exception just for purpose of providing stack trace
	at org.hibernate.resource.transaction.backend.jdbc.internal.JdbcResourceLocalTransactionCoordinatorImpl$TransactionDriverControlImpl.markRollbackOnly(JdbcResourceLocalTransactionCoordinatorImpl.java:303)
	at org.hibernate.internal.AbstractSharedSessionContract.convertNamedQueryException(AbstractSharedSessionContract.java:1274)
	at org.hibernate.internal.AbstractSharedSessionContract.createNamedQuery(AbstractSharedSessionContract.java:1159)
	at org.hibernate.internal.SessionImpl.createNamedQuery(SessionImpl.java:155)
	at org.hibernate.internal.AbstractSharedSessionContract.createNamedQuery(AbstractSharedSessionContract.java:142)
	at java.base/jdk.internal.reflect.DirectMethodHandleAccessor.invoke(DirectMethodHandleAccessor.java:103)
	at java.base/java.lang.reflect.Method.invoke(Method.java:580)
	at org.springframework.orm.jpa.ExtendedEntityManagerCreator$ExtendedEntityManagerInvocationHandler.invoke(ExtendedEntityManagerCreator.java:362)
	at jdk.proxy6/jdk.proxy6.$Proxy200.createNamedQuery(Unknown Source)
	at org.springframework.data.jpa.repository.query.NamedQuery.hasNamedQuery(NamedQuery.java:143)
	at org.springframework.data.jpa.repository.query.NamedQuery.lookupFrom(NamedQuery.java:171)
	at org.springframework.data.jpa.repository.query.JpaQueryLookupStrategy$DeclaredQueryLookupStrategy.resolveQuery(JpaQueryLookupStrategy.java:172)
	at org.springframework.data.jpa.repository.query.JpaQueryLookupStrategy$CreateIfNotFoundQueryLookupStrategy.resolveQuery(JpaQueryLookupStrategy.java:285)
	at org.springframework.data.jpa.repository.query.JpaQueryLookupStrategy$AbstractQueryLookupStrategy.resolveQuery(JpaQueryLookupStrategy.java:93)
	at org.springframework.data.repository.core.support.QueryExecutorMethodInterceptor.lookupQuery(QueryExecutorMethodInterceptor.java:114)
	at org.springframework.data.repository.core.support.QueryExecutorMethodInterceptor.mapMethodsToQuery(QueryExecutorMethodInterceptor.java:102)
	at org.springframework.data.repository.core.support.QueryExecutorMethodInterceptor.<init>(QueryExecutorMethodInterceptor.java:90)
	at org.springframework.data.repository.core.support.RepositoryFactorySupport.getRepository(RepositoryFactorySupport.java:413)
	at org.springframework.data.repository.core.support.RepositoryFactoryBeanSupport.lambda$afterPropertiesSet$1(RepositoryFactoryBeanSupport.java:361)
	at org.springframework.data.util.Lazy.getNullable(Lazy.java:136)
	at org.springframework.data.util.Lazy.get(Lazy.java:114)
	at org.springframework.data.repository.core.support.RepositoryFactoryBeanSupport.afterPropertiesSet(RepositoryFactoryBeanSupport.java:370)
	at org.springframework.data.jpa.repository.support.JpaRepositoryFactoryBean.afterPropertiesSet(JpaRepositoryFactoryBean.java:212)
	at org.springframework.beans.factory.support.AbstractAutowireCapableBeanFactory.invokeInitMethods(AbstractAutowireCapableBeanFactory.java:1864)
	at org.springframework.beans.factory.support.AbstractAutowireCapableBeanFactory.initializeBean(AbstractAutowireCapableBeanFactory.java:1813)
	at org.springframework.beans.factory.support.AbstractAutowireCapableBeanFactory.doCreateBean(AbstractAutowireCapableBeanFactory.java:603)
	at org.springframework.beans.factory.support.AbstractAutowireCapableBeanFactory.createBean(AbstractAutowireCapableBeanFactory.java:525)
	at org.springframework.beans.factory.support.AbstractBeanFactory.lambda$doGetBean$0(AbstractBeanFactory.java:333)
	at org.springframework.beans.factory.support.DefaultSingletonBeanRegistry.getSingleton(DefaultSingletonBeanRegistry.java:371)
	at org.springframework.beans.factory.support.AbstractBeanFactory.doGetBean(AbstractBeanFactory.java:331)
	at org.springframework.beans.factory.support.AbstractBeanFactory.getBean(AbstractBeanFactory.java:201)
	at org.springframework.beans.factory.support.DefaultListableBeanFactory.resolveBean(DefaultListableBeanFactory.java:1225)
	at org.springframework.beans.factory.support.DefaultListableBeanFactory.doResolveDependency(DefaultListableBeanFactory.java:1704)
	at org.springframework.beans.factory.support.DefaultListableBeanFactory.resolveDependency(DefaultListableBeanFactory.java:1651)
	at org.springframework.beans.factory.support.ConstructorResolver.resolveAutowiredArgument(ConstructorResolver.java:912)
	at org.springframework.beans.factory.support.ConstructorResolver.createArgumentArray(ConstructorResolver.java:791)
	at org.springframework.beans.factory.support.ConstructorResolver.autowireConstructor(ConstructorResolver.java:240)
	at org.springframework.beans.factory.support.AbstractAutowireCapableBeanFactory.autowireConstructor(AbstractAutowireCapableBeanFactory.java:1382)
	at org.springframework.beans.factory.support.AbstractAutowireCapableBeanFactory.createBeanInstance(AbstractAutowireCapableBeanFactory.java:1221)
	at org.springframework.beans.factory.support.AbstractAutowireCapableBeanFactory.doCreateBean(AbstractAutowireCapableBeanFactory.java:565)
	at org.springframework.beans.factory.support.AbstractAutowireCapableBeanFactory.createBean(AbstractAutowireCapableBeanFactory.java:525)
	at org.springframework.beans.factory.support.AbstractBeanFactory.lambda$doGetBean$0(AbstractBeanFactory.java:333)
	at org.springframework.beans.factory.support.DefaultSingletonBeanRegistry.getSingleton(DefaultSingletonBeanRegistry.java:371)
	at org.springframework.beans.factory.support.AbstractBeanFactory.doGetBean(AbstractBeanFactory.java:331)
	at org.springframework.beans.factory.support.AbstractBeanFactory.getBean(AbstractBeanFactory.java:196)
	at org.springframework.beans.factory.support.DefaultListableBeanFactory.instantiateSingleton(DefaultListableBeanFactory.java:1218)
	at org.springframework.beans.factory.support.DefaultListableBeanFactory.preInstantiateSingleton(DefaultListableBeanFactory.java:1184)
	at org.springframework.beans.factory.support.DefaultListableBeanFactory.preInstantiateSingletons(DefaultListableBeanFactory.java:1121)
	at org.springframework.context.support.AbstractApplicationContext.finishBeanFactoryInitialization(AbstractApplicationContext.java:994)
	at org.springframework.context.support.AbstractApplicationContext.refresh(AbstractApplicationContext.java:621)
	at org.springframework.boot.web.server.servlet.context.ServletWebServerApplicationContext.refresh(ServletWebServerApplicationContext.java:143)
	at org.springframework.boot.SpringApplication.refresh(SpringApplication.java:756)
	at org.springframework.boot.SpringApplication.refreshContext(SpringApplication.java:445)
	at org.springframework.boot.SpringApplication.run(SpringApplication.java:321)
	at org.springframework.boot.SpringApplication.run(SpringApplication.java:1365)
	at org.springframework.boot.SpringApplication.run(SpringApplication.java:1354)
	at com.sp.jobportal.Application.main(Application.java:19)
	at java.base/jdk.internal.reflect.DirectMethodHandleAccessor.invoke(DirectMethodHandleAccessor.java:103)
	at java.base/java.lang.reflect.Method.invoke(Method.java:580)
	at org.springframework.boot.devtools.restart.RestartLauncher.run(RestartLauncher.java:52)
{"timestamp":"2026-05-24 23:30:50","level":"TRACE","logger":"org.hibernate.orm.session","message":"Closing session [91410f86-4954-40c0-a941-721f3c638c82]"}{"timestamp":"2026-05-24 23:30:50","level":"DEBUG","logger":"org.hibernate.session.metrics","message":"HHH000401: Logging session metrics:
	0 ns acquiring 0 JDBC connections
	0 ns releasing 0 JDBC connections
	0 ns preparing 0 JDBC statements
	0 ns executing 0 JDBC statements
	0 ns executing 0 JDBC batches
	0 ns performing 0 second-level cache puts
	0 ns performing 0 second-level cache hits
	0 ns performing 0 second-level cache misses
	0 ns executing 0 flushes (flushing a total of 0 entities and 0 collections)
	0 ns executing 0 pre-partial-flushes
	0 ns executing 0 partial-flushes (flushing a total of 0 entities and 0 collections)
"}{"timestamp":"2026-05-24 23:30:50","level":"TRACE","logger":"org.hibernate.orm.resource.registry","message":"HHH10002501: Releasing registered JDBC resources"}{"timestamp":"2026-05-24 23:30:50","level":"TRACE","logger":"org.hibernate.orm.resource.jdbc","message":"HHH10003017: Closing logical connection @1487319225"}{"timestamp":"2026-05-24 23:30:50","level":"TRACE","logger":"org.hibernate.orm.resource.jdbc","message":"HHH10003018: Closed logical connection @1487319225"}{"timestamp":"2026-05-24 23:30:50","level":"DEBUG","logger":"org.springframework.data.jpa.repository.query.NamedQuery","message":"Did not find named query Role.findRoleByName"}{"timestamp":"2026-05-24 23:30:50","level":"TRACE","logger":"org.postgresql.core.v3.ConnectionFactoryImpl","message":" <=BE SSLRefused"}{"timestamp":"2026-05-24 23:30:50","level":"TRACE","logger":"org.postgresql.core.v3.ConnectionFactoryImpl","message":" FE=> StartupPacket(user=myuser, database=mydb, client_encoding=UTF8, DateStyle=ISO, TimeZone=UTC)"}{"timestamp":"2026-05-24 23:30:50","level":"TRACE","logger":"org.springframework.aop.framework.JdkDynamicAopProxy","message":"Creating JDK dynamic proxy: SingletonTargetSource for target object [org.springframework.data.jpa.repository.support.SimpleJpaRepository@1169af80]"}{"timestamp":"2026-05-24 23:30:50","level":"DEBUG","logger":"org.springframework.data.repository.core.support.RepositoryFactorySupport","message":"Finished creation of repository instance for com.sp.jobportal.repository.RoleRepository."}{"timestamp":"2026-05-24 23:30:50","level":"TRACE","logger":"org.springframework.beans.factory.support.DefaultListableBeanFactory","message":"Returning cached instance of singleton bean 'org.springframework.transaction.config.internalTransactionAdvisor'"}{"timestamp":"2026-05-24 23:30:50","level":"TRACE","logger":"org.springframework.beans.factory.support.DefaultListableBeanFactory","message":"Returning cached instance of singleton bean 'org.springframework.transaction.config.internalTransactionAdvisor'"}{"timestamp":"2026-05-24 23:30:50","level":"TRACE","logger":"org.springframework.beans.factory.support.DefaultListableBeanFactory","message":"Finished creating instance of bean 'roleRepository'"}{"timestamp":"2026-05-24 23:30:50","level":"TRACE","logger":"org.postgresql.core.v3.ScramAuthenticator","message":"channelBinding( PREFER )"}{"timestamp":"2026-05-24 23:30:50","level":"TRACE","logger":"org.springframework.beans.factory.support.DefaultListableBeanFactory","message":"Returning cached instance of singleton bean 'org.springframework.transaction.config.internalTransactionAdvisor'"}{"timestamp":"2026-05-24 23:30:50","level":"TRACE","logger":"org.springframework.beans.factory.support.DefaultListableBeanFactory","message":"Returning cached instance of singleton bean 'org.springframework.transaction.config.internalTransactionAdvisor'"}{"timestamp":"2026-05-24 23:30:50","level":"TRACE","logger":"org.postgresql.core.v3.ScramAuthenticator","message":" <=BE AuthenticationSASL( [SCRAM-SHA-256] )"}{"timestamp":"2026-05-24 23:30:50","level":"DEBUG","logger":"org.springframework.beans.factory.support.DefaultListableBeanFactory","message":"Creating shared instance of singleton bean 'compromisedPasswordChecker'"}{"timestamp":"2026-05-24 23:30:50","level":"TRACE","logger":"org.postgresql.core.v3.ScramAuthenticator","message":" Using SCRAM mechanism: SCRAM-SHA-256"}{"timestamp":"2026-05-24 23:30:50","level":"TRACE","logger":"org.springframework.beans.factory.support.DefaultListableBeanFactory","message":"Creating instance of bean 'compromisedPasswordChecker'"}{"timestamp":"2026-05-24 23:30:50","level":"TRACE","logger":"org.postgresql.core.v3.ScramAuthenticator","message":" FE=> SASLInitialResponse( n,,n=*,r=z12&XG}ez%C8leO2l\f9?3@{ )"}{"timestamp":"2026-05-24 23:30:50","level":"TRACE","logger":"org.springframework.beans.factory.support.DefaultListableBeanFactory","message":"Returning cached instance of singleton bean 'org.springframework.transaction.config.internalTransactionAdvisor'"}{"timestamp":"2026-05-24 23:30:50","level":"TRACE","logger":"org.springframework.beans.factory.support.DefaultListableBeanFactory","message":"Returning cached instance of singleton bean 'jobPortalSecurityConfig'"}{"timestamp":"2026-05-24 23:30:50","level":"TRACE","logger":"org.postgresql.core.v3.ScramAuthenticator","message":" <=BE AuthenticationSASLContinue( r=z12&XG}ez%C8leO2l\f9?3@{GGi4ORMMBlQuoEDA2y4nKpgC,s=+p9cRb7xbCOO/G8WmFmMDA==,i=4096 )"}{"timestamp":"2026-05-24 23:30:50","level":"TRACE","logger":"_org.springframework.web.util.RfcUriParser","message":"START -> SCHEME_OR_PATH, index=0, componentIndex=0"}{"timestamp":"2026-05-24 23:30:50","level":"TRACE","logger":"_org.springframework.web.util.RfcUriParser","message":"scheme set to 'https'"}{"timestamp":"2026-05-24 23:30:50","level":"TRACE","logger":"_org.springframework.web.util.RfcUriParser","message":"SCHEME_OR_PATH -> START, index=5, componentIndex=0"}{"timestamp":"2026-05-24 23:30:50","level":"TRACE","logger":"_org.springframework.web.util.RfcUriParser","message":"START -> HOST_OR_PATH, index=6, componentIndex=6"}{"timestamp":"2026-05-24 23:30:50","level":"TRACE","logger":"_org.springframework.web.util.RfcUriParser","message":"host set to ''"}{"timestamp":"2026-05-24 23:30:50","level":"TRACE","logger":"_org.springframework.web.util.RfcUriParser","message":"HOST_OR_PATH -> HOST, index=7, componentIndex=8"}{"timestamp":"2026-05-24 23:30:50","level":"TRACE","logger":"_org.springframework.web.util.RfcUriParser","message":"host set to 'api.pwnedpasswords.com'"}{"timestamp":"2026-05-24 23:30:50","level":"TRACE","logger":"_org.springframework.web.util.RfcUriParser","message":"HOST -> PATH, index=30, componentIndex=30"}{"timestamp":"2026-05-24 23:30:50","level":"TRACE","logger":"_org.springframework.web.util.RfcUriParser","message":"path set to '/range/'"}{"timestamp":"2026-05-24 23:30:50","level":"TRACE","logger":"org.springframework.beans.factory.support.DefaultListableBeanFactory","message":"Returning cached instance of singleton bean 'org.springframework.transaction.config.internalTransactionAdvisor'"}{"timestamp":"2026-05-24 23:30:50","level":"TRACE","logger":"org.springframework.beans.factory.support.DefaultListableBeanFactory","message":"Returning cached instance of singleton bean 'org.springframework.transaction.config.internalTransactionAdvisor'"}{"timestamp":"2026-05-24 23:30:50","level":"TRACE","logger":"org.springframework.beans.factory.support.DefaultListableBeanFactory","message":"Finished creating instance of bean 'compromisedPasswordChecker'"}{"timestamp":"2026-05-24 23:30:50","level":"DEBUG","logger":"org.springframework.beans.factory.support.DefaultListableBeanFactory","message":"Autowiring by type from bean name 'authController' via constructor to bean named 'authenticationManager'"}{"timestamp":"2026-05-24 23:30:50","level":"DEBUG","logger":"org.springframework.beans.factory.support.DefaultListableBeanFactory","message":"Autowiring by type from bean name 'authController' via constructor to bean named 'jwtUtil'"}{"timestamp":"2026-05-24 23:30:50","level":"DEBUG","logger":"org.springframework.beans.factory.support.DefaultListableBeanFactory","message":"Autowiring by type from bean name 'authController' via constructor to bean named 'passwordEncoder'"}{"timestamp":"2026-05-24 23:30:50","level":"DEBUG","logger":"org.springframework.beans.factory.support.DefaultListableBeanFactory","message":"Autowiring by type from bean name 'authController' via constructor to bean named 'jobPortalUserRepository'"}{"timestamp":"2026-05-24 23:30:50","level":"DEBUG","logger":"org.springframework.beans.factory.support.DefaultListableBeanFactory","message":"Autowiring by type from bean name 'authController' via constructor to bean named 'roleRepository'"}{"timestamp":"2026-05-24 23:30:50","level":"DEBUG","logger":"org.springframework.beans.factory.support.DefaultListableBeanFactory","message":"Autowiring by type from bean name 'authController' via constructor to bean named 'compromisedPasswordChecker'"}{"timestamp":"2026-05-24 23:30:50","level":"TRACE","logger":"org.springframework.beans.factory.support.DefaultListableBeanFactory","message":"Returning cached instance of singleton bean 'org.springframework.transaction.config.internalTransactionAdvisor'"}{"timestamp":"2026-05-24 23:30:50","level":"TRACE","logger":"org.springframework.beans.factory.support.DefaultListableBeanFactory","message":"Returning cached instance of singleton bean 'org.springframework.transaction.config.internalTransactionAdvisor'"}{"timestamp":"2026-05-24 23:30:50","level":"TRACE","logger":"org.springframework.beans.factory.support.DefaultListableBeanFactory","message":"Finished creating instance of bean 'authController'"}{"timestamp":"2026-05-24 23:30:50","level":"DEBUG","logger":"org.springframework.beans.factory.support.DefaultListableBeanFactory","message":"Creating shared instance of singleton bean 'companyController'"}{"timestamp":"2026-05-24 23:30:50","level":"TRACE","logger":"org.springframework.beans.factory.support.DefaultListableBeanFactory","message":"Creating instance of bean 'companyController'"}{"timestamp":"2026-05-24 23:30:50","level":"TRACE","logger":"org.springframework.beans.factory.support.DefaultListableBeanFactory","message":"Returning cached instance of singleton bean 'org.springframework.transaction.config.internalTransactionAdvisor'"}{"timestamp":"2026-05-24 23:30:50","level":"DEBUG","logger":"org.springframework.beans.factory.support.DefaultListableBeanFactory","message":"Creating shared instance of singleton bean 'companyServiceImpl'"}{"timestamp":"2026-05-24 23:30:50","level":"TRACE","logger":"org.springframework.beans.factory.support.DefaultListableBeanFactory","message":"Creating instance of bean 'companyServiceImpl'"}{"timestamp":"2026-05-24 23:30:50","level":"TRACE","logger":"org.springframework.beans.factory.support.DefaultListableBeanFactory","message":"Returning cached instance of singleton bean 'org.springframework.transaction.config.internalTransactionAdvisor'"}{"timestamp":"2026-05-24 23:30:50","level":"DEBUG","logger":"org.springframework.beans.factory.support.DefaultListableBeanFactory","message":"Creating shared instance of singleton bean 'companyRepository'"}{"timestamp":"2026-05-24 23:30:50","level":"TRACE","logger":"org.springframework.beans.factory.support.DefaultListableBeanFactory","message":"Creating instance of bean 'companyRepository'"}{"timestamp":"2026-05-24 23:30:50","level":"TRACE","logger":"org.springframework.beans.factory.support.DefaultListableBeanFactory","message":"Returning cached instance of singleton bean 'org.springframework.transaction.config.internalTransactionAdvisor'"}{"timestamp":"2026-05-24 23:30:50","level":"DEBUG","logger":"org.springframework.beans.factory.support.DefaultListableBeanFactory","message":"Creating shared instance of singleton bean 'jpa.named-queries#3'"}{"timestamp":"2026-05-24 23:30:50","level":"TRACE","logger":"org.springframework.beans.factory.support.DefaultListableBeanFactory","message":"Creating instance of bean 'jpa.named-queries#3'"}{"timestamp":"2026-05-24 23:30:50","level":"TRACE","logger":"org.postgresql.core.v3.ScramAuthenticator","message":" FE=> SASLResponse( c=biws,r=z12&XG}ez%C8leO2l\f9?3@{GGi4ORMMBlQuoEDA2y4nKpgC,p=+DeUBXRTcz30IFOm/NTcnmK66RLS/hmmMZJxVtfRGn4= )"}{"timestamp":"2026-05-24 23:30:50","level":"TRACE","logger":"org.springframework.beans.factory.support.DefaultListableBeanFactory","message":"Returning cached instance of singleton bean 'org.springframework.transaction.config.internalTransactionAdvisor'"}{"timestamp":"2026-05-24 23:30:50","level":"TRACE","logger":"org.springframework.beans.TypeConverterDelegate","message":"Converting String to [class [Lorg.springframework.core.io.Resource;] using property editor [org.springframework.core.io.support.ResourceArrayPropertyEditor@451a6044]"}{"timestamp":"2026-05-24 23:30:50","level":"TRACE","logger":"org.springframework.core.io.support.PathMatchingResourcePatternResolver","message":"Resolved module-path location pattern [META-INF/jpa-named-queries.properties] to resources []"}{"timestamp":"2026-05-24 23:30:50","level":"TRACE","logger":"org.springframework.core.io.support.PathMatchingResourcePatternResolver","message":"Resolved class path location [META-INF/jpa-named-queries.properties] to resources []"}{"timestamp":"2026-05-24 23:30:50","level":"TRACE","logger":"org.springframework.beans.factory.support.DefaultListableBeanFactory","message":"Invoking afterPropertiesSet() on bean with name 'jpa.named-queries#3'"}{"timestamp":"2026-05-24 23:30:50","level":"TRACE","logger":"org.springframework.beans.factory.support.DefaultListableBeanFactory","message":"Returning cached instance of singleton bean 'org.springframework.transaction.config.internalTransactionAdvisor'"}{"timestamp":"2026-05-24 23:30:50","level":"TRACE","logger":"org.springframework.beans.factory.support.DefaultListableBeanFactory","message":"Returning cached instance of singleton bean 'org.springframework.transaction.config.internalTransactionAdvisor'"}{"timestamp":"2026-05-24 23:30:50","level":"TRACE","logger":"org.springframework.beans.factory.support.DefaultListableBeanFactory","message":"Finished creating instance of bean 'jpa.named-queries#3'"}{"timestamp":"2026-05-24 23:30:50","level":"TRACE","logger":"org.springframework.beans.factory.support.DefaultListableBeanFactory","message":"Returning cached instance of singleton bean 'org.springframework.transaction.config.internalTransactionAdvisor'"}{"timestamp":"2026-05-24 23:30:50","level":"TRACE","logger":"org.springframework.beans.factory.support.DefaultListableBeanFactory","message":"Returning cached instance of singleton bean 'org.springframework.transaction.config.internalTransactionAdvisor'"}{"timestamp":"2026-05-24 23:30:50","level":"DEBUG","logger":"org.springframework.beans.factory.support.DefaultListableBeanFactory","message":"Creating shared instance of singleton bean 'jpa.CompanyRepository.fragments#0'"}{"timestamp":"2026-05-24 23:30:50","level":"TRACE","logger":"org.springframework.beans.factory.support.DefaultListableBeanFactory","message":"Creating instance of bean 'jpa.CompanyRepository.fragments#0'"}{"timestamp":"2026-05-24 23:30:50","level":"TRACE","logger":"org.springframework.beans.factory.support.DefaultListableBeanFactory","message":"Returning cached instance of singleton bean 'org.springframework.transaction.config.internalTransactionAdvisor'"}{"timestamp":"2026-05-24 23:30:50","level":"TRACE","logger":"org.springframework.beans.factory.support.DefaultListableBeanFactory","message":"Invoking afterPropertiesSet() on bean with name 'jpa.CompanyRepository.fragments#0'"}{"timestamp":"2026-05-24 23:30:50","level":"TRACE","logger":"org.springframework.beans.factory.support.DefaultListableBeanFactory","message":"Returning cached instance of singleton bean 'org.springframework.transaction.config.internalTransactionAdvisor'"}{"timestamp":"2026-05-24 23:30:50","level":"TRACE","logger":"org.springframework.beans.factory.support.DefaultListableBeanFactory","message":"Returning cached instance of singleton bean 'org.springframework.transaction.config.internalTransactionAdvisor'"}{"timestamp":"2026-05-24 23:30:50","level":"TRACE","logger":"org.springframework.beans.factory.support.DefaultListableBeanFactory","message":"Finished creating instance of bean 'jpa.CompanyRepository.fragments#0'"}{"timestamp":"2026-05-24 23:30:50","level":"TRACE","logger":"org.springframework.beans.factory.support.DefaultListableBeanFactory","message":"Returning cached instance of singleton bean 'org.springframework.transaction.config.internalTransactionAdvisor'"}{"timestamp":"2026-05-24 23:30:50","level":"TRACE","logger":"org.springframework.beans.factory.support.DefaultListableBeanFactory","message":"Returning cached instance of singleton bean 'org.springframework.transaction.config.internalTransactionAdvisor'"}{"timestamp":"2026-05-24 23:30:50","level":"TRACE","logger":"org.springframework.beans.factory.support.DefaultListableBeanFactory","message":"Returning cached instance of singleton bean 'jpaSharedEM_entityManagerFactory'"}{"timestamp":"2026-05-24 23:30:50","level":"TRACE","logger":"org.springframework.beans.factory.support.DefaultListableBeanFactory","message":"Returning cached instance of singleton bean 'jpaMappingContext'"}{"timestamp":"2026-05-24 23:30:50","level":"TRACE","logger":"org.springframework.beans.factory.support.DefaultListableBeanFactory","message":"Invoking afterPropertiesSet() on bean with name 'companyRepository'"}{"timestamp":"2026-05-24 23:30:50","level":"TRACE","logger":"org.springframework.aop.framework.JdkDynamicAopProxy","message":"Creating JDK dynamic proxy: org.springframework.data.jpa.repository.support.CrudMethodMetadataPostProcessor$ThreadBoundTargetSource@62317b2"}{"timestamp":"2026-05-24 23:30:50","level":"TRACE","logger":"org.springframework.beans.factory.support.DefaultListableBeanFactory","message":"Creating instance of bean 'org.springframework.data.jpa.repository.query.QueryEnhancerSelector$DefaultQueryEnhancerSelector'"}{"timestamp":"2026-05-24 23:30:50","level":"TRACE","logger":"org.springframework.beans.factory.support.DefaultListableBeanFactory","message":"Finished creating instance of bean 'org.springframework.data.jpa.repository.query.QueryEnhancerSelector$DefaultQueryEnhancerSelector'"}{"timestamp":"2026-05-24 23:30:50","level":"DEBUG","logger":"org.springframework.data.repository.core.support.RepositoryFactorySupport","message":"Initializing repository instance for com.sp.jobportal.repository.CompanyRepository…"}{"timestamp":"2026-05-24 23:30:50","level":"TRACE","logger":"org.springframework.beans.factory.support.DefaultListableBeanFactory","message":"Returning cached instance of singleton bean 'applicationStartup'"}{"timestamp":"2026-05-24 23:30:50","level":"TRACE","logger":"org.springframework.data.repository.core.support.RepositoryFactorySupport","message":"Register DefaultMethodInvokingMethodInterceptor for com.sp.jobportal.repository.CompanyRepository…"}{"timestamp":"2026-05-24 23:30:50","level":"DEBUG","logger":"org.hibernate.orm.core","message":"HHH006588: Opening session [tenant=null]"}{"timestamp":"2026-05-24 23:30:50","level":"TRACE","logger":"org.hibernate.orm.session","message":"Opened Session [3328fa04-23cb-4dbe-9a51-18eb03fb9948] at timestamp: 1779665450697"}{"timestamp":"2026-05-24 23:30:50","level":"TRACE","logger":"org.hibernate.orm.jdbc","message":"HHH100037: JDBC transaction marked for rollback only (exception provided for stack trace)"}java.lang.Exception: exception just for purpose of providing stack trace
	at org.hibernate.resource.transaction.backend.jdbc.internal.JdbcResourceLocalTransactionCoordinatorImpl$TransactionDriverControlImpl.markRollbackOnly(JdbcResourceLocalTransactionCoordinatorImpl.java:303)
	at org.hibernate.internal.AbstractSharedSessionContract.convertNamedQueryException(AbstractSharedSessionContract.java:1274)
	at org.hibernate.internal.AbstractSharedSessionContract.createNamedQuery(AbstractSharedSessionContract.java:1159)
	at org.hibernate.internal.SessionImpl.createNamedQuery(SessionImpl.java:155)
	at org.hibernate.internal.AbstractSharedSessionContract.createNamedQuery(AbstractSharedSessionContract.java:142)
	at java.base/jdk.internal.reflect.DirectMethodHandleAccessor.invoke(DirectMethodHandleAccessor.java:103)
	at java.base/java.lang.reflect.Method.invoke(Method.java:580)
	at org.springframework.orm.jpa.ExtendedEntityManagerCreator$ExtendedEntityManagerInvocationHandler.invoke(ExtendedEntityManagerCreator.java:362)
	at jdk.proxy6/jdk.proxy6.$Proxy200.createNamedQuery(Unknown Source)
	at org.springframework.data.jpa.repository.query.NamedQuery.hasNamedQuery(NamedQuery.java:143)
	at org.springframework.data.jpa.repository.query.JpaQueryLookupStrategy$DeclaredQueryLookupStrategy.doGetCountQuery(JpaQueryLookupStrategy.java:201)
	at org.springframework.data.jpa.repository.query.JpaQueryLookupStrategy$DeclaredQueryLookupStrategy.getCountQuery(JpaQueryLookupStrategy.java:179)
	at org.springframework.data.jpa.repository.query.JpaQueryLookupStrategy$DeclaredQueryLookupStrategy.resolveQuery(JpaQueryLookupStrategy.java:161)
	at org.springframework.data.jpa.repository.query.JpaQueryLookupStrategy$CreateIfNotFoundQueryLookupStrategy.resolveQuery(JpaQueryLookupStrategy.java:285)
	at org.springframework.data.jpa.repository.query.JpaQueryLookupStrategy$AbstractQueryLookupStrategy.resolveQuery(JpaQueryLookupStrategy.java:93)
	at org.springframework.data.repository.core.support.QueryExecutorMethodInterceptor.lookupQuery(QueryExecutorMethodInterceptor.java:114)
	at org.springframework.data.repository.core.support.QueryExecutorMethodInterceptor.mapMethodsToQuery(QueryExecutorMethodInterceptor.java:102)
	at org.springframework.data.repository.core.support.QueryExecutorMethodInterceptor.<init>(QueryExecutorMethodInterceptor.java:90)
	at org.springframework.data.repository.core.support.RepositoryFactorySupport.getRepository(RepositoryFactorySupport.java:413)
	at org.springframework.data.repository.core.support.RepositoryFactoryBeanSupport.lambda$afterPropertiesSet$1(RepositoryFactoryBeanSupport.java:361)
	at org.springframework.data.util.Lazy.getNullable(Lazy.java:136)
	at org.springframework.data.util.Lazy.get(Lazy.java:114)
	at org.springframework.data.repository.core.support.RepositoryFactoryBeanSupport.afterPropertiesSet(RepositoryFactoryBeanSupport.java:370)
	at org.springframework.data.jpa.repository.support.JpaRepositoryFactoryBean.afterPropertiesSet(JpaRepositoryFactoryBean.java:212)
	at org.springframework.beans.factory.support.AbstractAutowireCapableBeanFactory.invokeInitMethods(AbstractAutowireCapableBeanFactory.java:1864)
	at org.springframework.beans.factory.support.AbstractAutowireCapableBeanFactory.initializeBean(AbstractAutowireCapableBeanFactory.java:1813)
	at org.springframework.beans.factory.support.AbstractAutowireCapableBeanFactory.doCreateBean(AbstractAutowireCapableBeanFactory.java:603)
	at org.springframework.beans.factory.support.AbstractAutowireCapableBeanFactory.createBean(AbstractAutowireCapableBeanFactory.java:525)
	at org.springframework.beans.factory.support.AbstractBeanFactory.lambda$doGetBean$0(AbstractBeanFactory.java:333)
	at org.springframework.beans.factory.support.DefaultSingletonBeanRegistry.getSingleton(DefaultSingletonBeanRegistry.java:371)
	at org.springframework.beans.factory.support.AbstractBeanFactory.doGetBean(AbstractBeanFactory.java:331)
	at org.springframework.beans.factory.support.AbstractBeanFactory.getBean(AbstractBeanFactory.java:201)
	at org.springframework.beans.factory.support.DefaultListableBeanFactory.resolveBean(DefaultListableBeanFactory.java:1225)
	at org.springframework.beans.factory.support.DefaultListableBeanFactory.doResolveDependency(DefaultListableBeanFactory.java:1704)
	at org.springframework.beans.factory.support.DefaultListableBeanFactory.resolveDependency(DefaultListableBeanFactory.java:1651)
	at org.springframework.beans.factory.support.ConstructorResolver.resolveAutowiredArgument(ConstructorResolver.java:912)
	at org.springframework.beans.factory.support.ConstructorResolver.createArgumentArray(ConstructorResolver.java:791)
	at org.springframework.beans.factory.support.ConstructorResolver.autowireConstructor(ConstructorResolver.java:240)
	at org.springframework.beans.factory.support.AbstractAutowireCapableBeanFactory.autowireConstructor(AbstractAutowireCapableBeanFactory.java:1382)
	at org.springframework.beans.factory.support.AbstractAutowireCapableBeanFactory.createBeanInstance(AbstractAutowireCapableBeanFactory.java:1221)
	at org.springframework.beans.factory.support.AbstractAutowireCapableBeanFactory.doCreateBean(AbstractAutowireCapableBeanFactory.java:565)
	at org.springframework.beans.factory.support.AbstractAutowireCapableBeanFactory.createBean(AbstractAutowireCapableBeanFactory.java:525)
	at org.springframework.beans.factory.support.AbstractBeanFactory.lambda$doGetBean$0(AbstractBeanFactory.java:333)
	at org.springframework.beans.factory.support.DefaultSingletonBeanRegistry.getSingleton(DefaultSingletonBeanRegistry.java:371)
	at org.springframework.beans.factory.support.AbstractBeanFactory.doGetBean(AbstractBeanFactory.java:331)
	at org.springframework.beans.factory.support.AbstractBeanFactory.getBean(AbstractBeanFactory.java:201)
	at org.springframework.beans.factory.config.DependencyDescriptor.resolveCandidate(DependencyDescriptor.java:229)
	at org.springframework.beans.factory.support.DefaultListableBeanFactory.doResolveDependency(DefaultListableBeanFactory.java:1762)
	at org.springframework.beans.factory.support.DefaultListableBeanFactory.resolveDependency(DefaultListableBeanFactory.java:1651)
	at org.springframework.beans.factory.support.ConstructorResolver.resolveAutowiredArgument(ConstructorResolver.java:912)
	at org.springframework.beans.factory.support.ConstructorResolver.createArgumentArray(ConstructorResolver.java:791)
	at org.springframework.beans.factory.support.ConstructorResolver.autowireConstructor(ConstructorResolver.java:240)
	at org.springframework.beans.factory.support.AbstractAutowireCapableBeanFactory.autowireConstructor(AbstractAutowireCapableBeanFactory.java:1382)
	at org.springframework.beans.factory.support.AbstractAutowireCapableBeanFactory.createBeanInstance(AbstractAutowireCapableBeanFactory.java:1221)
	at org.springframework.beans.factory.support.AbstractAutowireCapableBeanFactory.doCreateBean(AbstractAutowireCapableBeanFactory.java:565)
	at org.springframework.beans.factory.support.AbstractAutowireCapableBeanFactory.createBean(AbstractAutowireCapableBeanFactory.java:525)
	at org.springframework.beans.factory.support.AbstractBeanFactory.lambda$doGetBean$0(AbstractBeanFactory.java:333)
	at org.springframework.beans.factory.support.DefaultSingletonBeanRegistry.getSingleton(DefaultSingletonBeanRegistry.java:371)
	at org.springframework.beans.factory.support.AbstractBeanFactory.doGetBean(AbstractBeanFactory.java:331)
	at org.springframework.beans.factory.support.AbstractBeanFactory.getBean(AbstractBeanFactory.java:196)
	at org.springframework.beans.factory.support.DefaultListableBeanFactory.instantiateSingleton(DefaultListableBeanFactory.java:1218)
	at org.springframework.beans.factory.support.DefaultListableBeanFactory.preInstantiateSingleton(DefaultListableBeanFactory.java:1184)
	at org.springframework.beans.factory.support.DefaultListableBeanFactory.preInstantiateSingletons(DefaultListableBeanFactory.java:1121)
	at org.springframework.context.support.AbstractApplicationContext.finishBeanFactoryInitialization(AbstractApplicationContext.java:994)
	at org.springframework.context.support.AbstractApplicationContext.refresh(AbstractApplicationContext.java:621)
	at org.springframework.boot.web.server.servlet.context.ServletWebServerApplicationContext.refresh(ServletWebServerApplicationContext.java:143)
	at org.springframework.boot.SpringApplication.refresh(SpringApplication.java:756)
	at org.springframework.boot.SpringApplication.refreshContext(SpringApplication.java:445)
	at org.springframework.boot.SpringApplication.run(SpringApplication.java:321)
	at org.springframework.boot.SpringApplication.run(SpringApplication.java:1365)
	at org.springframework.boot.SpringApplication.run(SpringApplication.java:1354)
	at com.sp.jobportal.Application.main(Application.java:19)
	at java.base/jdk.internal.reflect.DirectMethodHandleAccessor.invoke(DirectMethodHandleAccessor.java:103)
	at java.base/java.lang.reflect.Method.invoke(Method.java:580)
	at org.springframework.boot.devtools.restart.RestartLauncher.run(RestartLauncher.java:52)
{"timestamp":"2026-05-24 23:30:50","level":"TRACE","logger":"org.hibernate.orm.session","message":"Closing session [3328fa04-23cb-4dbe-9a51-18eb03fb9948]"}