{"timestamp":"2026-05-24 23:30:49","level":"DEBUG","logger":"org.postgresql.core.v3.ConnectionFactoryImpl","message":"Receive Buffer Size is 65,536"}{"timestamp":"2026-05-24 23:30:49","level":"DEBUG","logger":"org.postgresql.core.v3.ConnectionFactoryImpl","message":"Send Buffer Size is 65,536"}{"timestamp":"2026-05-24 23:30:49","level":"TRACE","logger":"org.postgresql.core.v3.ConnectionFactoryImpl","message":" FE=> SSLRequest postgres"}{"timestamp":"2026-05-24 23:30:49","level":"TRACE","logger":"org.postgresql.core.v3.ConnectionFactoryImpl","message":" <=BE SSLRefused"}{"timestamp":"2026-05-24 23:30:49","level":"TRACE","logger":"org.postgresql.core.v3.ConnectionFactoryImpl","message":" FE=> StartupPacket(user=myuser, database=mydb, client_encoding=UTF8, DateStyle=ISO, TimeZone=UTC)"}{"timestamp":"2026-05-24 23:30:49","level":"TRACE","logger":"org.hibernate.orm.results.graph.AST","message":"DomainResult graph:
 \-EntityResultImpl [com.sp.jobportal.entity.Job]
 |  +-BasicFetch [com.sp.jobportal.entity.Job.applicationDeadline]
 |  +-BasicFetch [com.sp.jobportal.entity.Job.applicationsCount]
 |  +-BasicFetch [com.sp.jobportal.entity.Job.benefits]
 |  +-BasicFetch [com.sp.jobportal.entity.Job.category]
 |  +-EntityDelayedFetchImpl [com.sp.jobportal.entity.Job.company]
 |  +-BasicFetch [com.sp.jobportal.entity.Job.createdAt]
 |  +-BasicFetch [com.sp.jobportal.entity.Job.createdBy]
 |  +-BasicFetch [com.sp.jobportal.entity.Job.description]
 |  +-BasicFetch [com.sp.jobportal.entity.Job.experienceLevel]
 |  +-BasicFetch [com.sp.jobportal.entity.Job.featured]
 |  +-BasicFetch [com.sp.jobportal.entity.Job.jobType]
 |  +-BasicFetch [com.sp.jobportal.entity.Job.location]
 |  +-BasicFetch [com.sp.jobportal.entity.Job.postedDate]
 |  +-BasicFetch [com.sp.jobportal.entity.Job.remote]
 |  +-BasicFetch [com.sp.jobportal.entity.Job.requirements]
 |  +-BasicFetch [com.sp.jobportal.entity.Job.salaryCurrency]
 |  +-BasicFetch [com.sp.jobportal.entity.Job.salaryMax]
 |  +-BasicFetch [com.sp.jobportal.entity.Job.salaryMin]
 |  +-BasicFetch [com.sp.jobportal.entity.Job.salaryPeriod]
 |  +-BasicFetch [com.sp.jobportal.entity.Job.status]
 |  +-BasicFetch [com.sp.jobportal.entity.Job.title]
 |  +-BasicFetch [com.sp.jobportal.entity.Job.updatedAt]
 |  +-BasicFetch [com.sp.jobportal.entity.Job.updatedBy]
 |  +-BasicFetch [com.sp.jobportal.entity.Job.urgent]
 |  \-BasicFetch [com.sp.jobportal.entity.Job.workType]
"}{"timestamp":"2026-05-24 23:30:49","level":"TRACE","logger":"org.postgresql.core.v3.ScramAuthenticator","message":"channelBinding( PREFER )"}{"timestamp":"2026-05-24 23:30:49","level":"TRACE","logger":"org.postgresql.core.v3.ScramAuthenticator","message":" <=BE AuthenticationSASL( [SCRAM-SHA-256] )"}{"timestamp":"2026-05-24 23:30:49","level":"TRACE","logger":"org.postgresql.core.v3.ScramAuthenticator","message":" Using SCRAM mechanism: SCRAM-SHA-256"}{"timestamp":"2026-05-24 23:30:49","level":"TRACE","logger":"org.postgresql.core.v3.ScramAuthenticator","message":" FE=> SASLInitialResponse( n,,n=*,r=7AF;jn{aaDom^<HW1p'JJ6!C )"}{"timestamp":"2026-05-24 23:30:49","level":"TRACE","logger":"org.hibernate.orm.sql.ast.tree","message":"SQL AST Tree:
    SelectStatement {
      FromClause {
        StandardTableGroup (j1: com.sp.jobportal.entity.Job) {
          primaryTableReference: jobs as j1_0
          TableGroupJoins {
            left join LazyTableGroup (c1: com.sp.jobportal.entity.Job.company) {
            }
          }
        }
      }
    }
"}{"timestamp":"2026-05-24 23:30:49","level":"TRACE","logger":"org.postgresql.core.v3.ScramAuthenticator","message":" <=BE AuthenticationSASLContinue( r=7AF;jn{aaDom^<HW1p'JJ6!CVCVXxCFHl6+iapBBYnrEvbVj,s=+p9cRb7xbCOO/G8WmFmMDA==,i=4096 )"}{"timestamp":"2026-05-24 23:30:49","level":"TRACE","logger":"org.hibernate.orm.jdbc.mutation","message":"HHH90005101: Static SQL for entity: com.sp.jobportal.entity.Job"}{"timestamp":"2026-05-24 23:30:49","level":"TRACE","logger":"org.hibernate.orm.jdbc.mutation","message":"HHH90005103:  Version select: select id from jobs where id=?"}{"timestamp":"2026-05-24 23:30:49","level":"TRACE","logger":"org.hibernate.orm.jdbc.mutation","message":"HHH90005104:  Insert (0): insert into jobs (application_deadline,applications_count,benefits,category,company_id,created_at,created_by,description,experience_level,featured,job_type,location,posted_date,remote,requirements,salary_currency,salary_max,salary_min,salary_period,status,title,urgent,work_type) values (?,?,?,?,?,?,?,?,?,?,?,?,?,?,?,?,?,?,?,?,?,?,?)"}{"timestamp":"2026-05-24 23:30:49","level":"TRACE","logger":"org.hibernate.orm.jdbc.mutation","message":"HHH90005105:  Update (0): update jobs set application_deadline=?,applications_count=?,benefits=?,category=?,company_id=?,description=?,experience_level=?,featured=?,job_type=?,location=?,posted_date=?,remote=?,requirements=?,salary_currency=?,salary_max=?,salary_min=?,salary_period=?,status=?,title=?,updated_at=?,updated_by=?,urgent=?,work_type=? where id=?"}{"timestamp":"2026-05-24 23:30:49","level":"TRACE","logger":"org.hibernate.orm.jdbc.mutation","message":"HHH90005106:  Delete (0): delete from jobs where id=?"}{"timestamp":"2026-05-24 23:30:49","level":"TRACE","logger":"org.hibernate.orm.results.graph.AST","message":"DomainResult graph:
 \-EntityResultImpl [com.sp.jobportal.entity.JobPortalUser]
 |  +-EntityFetchJoinedImpl [com.sp.jobportal.entity.JobPortalUser.company]
 |  |  +-BasicFetch [com.sp.jobportal.entity.JobPortalUser.company.createdAt]
 |  |  +-BasicFetch [com.sp.jobportal.entity.JobPortalUser.company.createdBy]
 |  |  +-BasicFetch [com.sp.jobportal.entity.JobPortalUser.company.description]
 |  |  +-BasicFetch [com.sp.jobportal.entity.JobPortalUser.company.employees]
 |  |  +-BasicFetch [com.sp.jobportal.entity.JobPortalUser.company.founded]
 |  |  +-BasicFetch [com.sp.jobportal.entity.JobPortalUser.company.industry]
 |  |  +-DelayedCollectionFetch [com.sp.jobportal.entity.JobPortalUser.company.jobs]
 |  |  +-BasicFetch [com.sp.jobportal.entity.JobPortalUser.company.locations]
 |  |  +-BasicFetch [com.sp.jobportal.entity.JobPortalUser.company.logo]
 |  |  +-BasicFetch [com.sp.jobportal.entity.JobPortalUser.company.name]
 |  |  +-BasicFetch [com.sp.jobportal.entity.JobPortalUser.company.rating]
 |  |  +-BasicFetch [com.sp.jobportal.entity.JobPortalUser.company.size]
 |  |  +-BasicFetch [com.sp.jobportal.entity.JobPortalUser.company.updatedAt]
 |  |  +-BasicFetch [com.sp.jobportal.entity.JobPortalUser.company.updatedBy]
 |  |  \-BasicFetch [com.sp.jobportal.entity.JobPortalUser.company.website]
 |  +-BasicFetch [com.sp.jobportal.entity.JobPortalUser.createdAt]
 |  +-BasicFetch [com.sp.jobportal.entity.JobPortalUser.createdBy]
 |  +-BasicFetch [com.sp.jobportal.entity.JobPortalUser.email]
 |  +-BasicFetch [com.sp.jobportal.entity.JobPortalUser.mobileNumber]
 |  +-BasicFetch [com.sp.jobportal.entity.JobPortalUser.name]
 |  +-BasicFetch [com.sp.jobportal.entity.JobPortalUser.passwordHash]
 |  +-EntityFetchJoinedImpl [com.sp.jobportal.entity.JobPortalUser.role]
 |  |  +-BasicFetch [com.sp.jobportal.entity.JobPortalUser.role.createdAt]
 |  |  +-BasicFetch [com.sp.jobportal.entity.JobPortalUser.role.createdBy]
 |  |  +-BasicFetch [com.sp.jobportal.entity.JobPortalUser.role.name]
 |  |  +-BasicFetch [com.sp.jobportal.entity.JobPortalUser.role.updatedAt]
 |  |  \-BasicFetch [com.sp.jobportal.entity.JobPortalUser.role.updatedBy]
 |  +-BasicFetch [com.sp.jobportal.entity.JobPortalUser.updatedAt]
 |  \-BasicFetch [com.sp.jobportal.entity.JobPortalUser.updatedBy]
"}{"timestamp":"2026-05-24 23:30:49","level":"TRACE","logger":"org.hibernate.orm.sql.ast.tree","message":"SQL AST Tree:
    SelectStatement {
      FromClause {
        StandardTableGroup (jpu1: com.sp.jobportal.entity.JobPortalUser) {
          primaryTableReference: users as jpu1_0
          TableGroupJoins {
            left join LazyTableGroup (c1: com.sp.jobportal.entity.JobPortalUser.company) {
              primaryTableReference: companies as c1_0
            }
            join LazyTableGroup (r1: com.sp.jobportal.entity.JobPortalUser.role) {
              primaryTableReference: roles as r1_0
            }
          }
        }
      }
    }
"}{"timestamp":"2026-05-24 23:30:49","level":"TRACE","logger":"org.hibernate.orm.jdbc.mutation","message":"HHH90005101: Static SQL for entity: com.sp.jobportal.entity.JobPortalUser"}{"timestamp":"2026-05-24 23:30:49","level":"TRACE","logger":"org.hibernate.orm.jdbc.mutation","message":"HHH90005103:  Version select: select id from users where id=?"}{"timestamp":"2026-05-24 23:30:49","level":"TRACE","logger":"org.hibernate.orm.jdbc.mutation","message":"HHH90005104:  Insert (0): insert into users (company_id,created_at,created_by,email,mobile_number,name,password_hash,role_id) values (?,?,?,?,?,?,?,?)"}{"timestamp":"2026-05-24 23:30:49","level":"TRACE","logger":"org.hibernate.orm.jdbc.mutation","message":"HHH90005105:  Update (0): update users set company_id=?,email=?,mobile_number=?,name=?,password_hash=?,role_id=?,updated_at=?,updated_by=? where id=?"}{"timestamp":"2026-05-24 23:30:49","level":"TRACE","logger":"org.hibernate.orm.jdbc.mutation","message":"HHH90005106:  Delete (0): delete from users where id=?"}{"timestamp":"2026-05-24 23:30:49","level":"TRACE","logger":"org.hibernate.orm.results.graph.AST","message":"DomainResult graph:
 \-EntityResultImpl [com.sp.jobportal.entity.Company]
 |  +-BasicFetch [com.sp.jobportal.entity.Company.createdAt]
 |  +-BasicFetch [com.sp.jobportal.entity.Company.createdBy]
 |  +-BasicFetch [com.sp.jobportal.entity.Company.description]
 |  +-BasicFetch [com.sp.jobportal.entity.Company.employees]
 |  +-BasicFetch [com.sp.jobportal.entity.Company.founded]
 |  +-BasicFetch [com.sp.jobportal.entity.Company.industry]
 |  +-DelayedCollectionFetch [com.sp.jobportal.entity.Company.jobs]
 |  +-BasicFetch [com.sp.jobportal.entity.Company.locations]
 |  +-BasicFetch [com.sp.jobportal.entity.Company.logo]
 |  +-BasicFetch [com.sp.jobportal.entity.Company.name]
 |  +-BasicFetch [com.sp.jobportal.entity.Company.rating]
 |  +-BasicFetch [com.sp.jobportal.entity.Company.size]
 |  +-BasicFetch [com.sp.jobportal.entity.Company.updatedAt]
 |  +-BasicFetch [com.sp.jobportal.entity.Company.updatedBy]
 |  \-BasicFetch [com.sp.jobportal.entity.Company.website]
"}{"timestamp":"2026-05-24 23:30:49","level":"TRACE","logger":"org.hibernate.orm.sql.ast.tree","message":"SQL AST Tree:
    SelectStatement {
      FromClause {
        StandardTableGroup (c1: com.sp.jobportal.entity.Company) {
          primaryTableReference: companies as c1_0
        }
      }
    }
"}{"timestamp":"2026-05-24 23:30:49","level":"TRACE","logger":"org.hibernate.orm.jdbc.mutation","message":"HHH90005101: Static SQL for entity: com.sp.jobportal.entity.Company"}{"timestamp":"2026-05-24 23:30:49","level":"TRACE","logger":"org.hibernate.orm.jdbc.mutation","message":"HHH90005103:  Version select: select id from companies where id=?"}{"timestamp":"2026-05-24 23:30:49","level":"TRACE","logger":"org.hibernate.orm.jdbc.mutation","message":"HHH90005104:  Insert (0): insert into companies (created_at,created_by,description,employees,founded,industry,locations,logo,name,rating,size,website) values (?,?,?,?,?,?,?,?,?,?,?,?)"}{"timestamp":"2026-05-24 23:30:49","level":"TRACE","logger":"org.hibernate.orm.jdbc.mutation","message":"HHH90005105:  Update (0): update companies set description=?,employees=?,founded=?,industry=?,locations=?,logo=?,name=?,rating=?,size=?,updated_at=?,updated_by=?,website=? where id=?"}{"timestamp":"2026-05-24 23:30:49","level":"TRACE","logger":"org.hibernate.orm.jdbc.mutation","message":"HHH90005106:  Delete (0): delete from companies where id=?"}{"timestamp":"2026-05-24 23:30:49","level":"TRACE","logger":"org.hibernate.orm.results.graph.AST","message":"DomainResult graph:
 \-EntityResultImpl [com.sp.jobportal.entity.Role]
 |  +-BasicFetch [com.sp.jobportal.entity.Role.createdAt]
 |  +-BasicFetch [com.sp.jobportal.entity.Role.createdBy]
 |  +-BasicFetch [com.sp.jobportal.entity.Role.name]
 |  +-BasicFetch [com.sp.jobportal.entity.Role.updatedAt]
 |  \-BasicFetch [com.sp.jobportal.entity.Role.updatedBy]
"}{"timestamp":"2026-05-24 23:30:49","level":"TRACE","logger":"org.hibernate.orm.sql.ast.tree","message":"SQL AST Tree:
    SelectStatement {
      FromClause {
        StandardTableGroup (r1: com.sp.jobportal.entity.Role) {
          primaryTableReference: roles as r1_0
        }
      }
    }
"}{"timestamp":"2026-05-24 23:30:49","level":"TRACE","logger":"org.hibernate.orm.jdbc.mutation","message":"HHH90005101: Static SQL for entity: com.sp.jobportal.entity.Role"}{"timestamp":"2026-05-24 23:30:49","level":"TRACE","logger":"org.hibernate.orm.jdbc.mutation","message":"HHH90005103:  Version select: select id from roles where id=?"}{"timestamp":"2026-05-24 23:30:49","level":"TRACE","logger":"org.hibernate.orm.jdbc.mutation","message":"HHH90005104:  Insert (0): insert into roles (created_at,created_by,name) values (?,?,?)"}{"timestamp":"2026-05-24 23:30:49","level":"TRACE","logger":"org.hibernate.orm.jdbc.mutation","message":"HHH90005105:  Update (0): update roles set name=?,updated_at=?,updated_by=? where id=?"}{"timestamp":"2026-05-24 23:30:49","level":"TRACE","logger":"org.hibernate.orm.jdbc.mutation","message":"HHH90005106:  Delete (0): delete from roles where id=?"}{"timestamp":"2026-05-24 23:30:49","level":"TRACE","logger":"org.hibernate.orm.results.graph.AST","message":"DomainResult graph:
 \-EntityResultImpl [com.sp.jobportal.entity.Contact]
 |  +-BasicFetch [com.sp.jobportal.entity.Contact.createdAt]
 |  +-BasicFetch [com.sp.jobportal.entity.Contact.createdBy]
 |  +-BasicFetch [com.sp.jobportal.entity.Contact.email]
 |  +-BasicFetch [com.sp.jobportal.entity.Contact.message]
 |  +-BasicFetch [com.sp.jobportal.entity.Contact.name]
 |  +-BasicFetch [com.sp.jobportal.entity.Contact.status]
 |  +-BasicFetch [com.sp.jobportal.entity.Contact.subject]
 |  +-BasicFetch [com.sp.jobportal.entity.Contact.updatedAt]
 |  +-BasicFetch [com.sp.jobportal.entity.Contact.updatedBy]
 |  \-BasicFetch [com.sp.jobportal.entity.Contact.userType]
"}{"timestamp":"2026-05-24 23:30:49","level":"TRACE","logger":"org.hibernate.orm.sql.ast.tree","message":"SQL AST Tree:
    SelectStatement {
      FromClause {
        StandardTableGroup (c1: com.sp.jobportal.entity.Contact) {
          primaryTableReference: contacts as c1_0
        }
      }
    }
"}{"timestamp":"2026-05-24 23:30:49","level":"TRACE","logger":"org.hibernate.orm.jdbc.mutation","message":"HHH90005101: Static SQL for entity: com.sp.jobportal.entity.Contact"}{"timestamp":"2026-05-24 23:30:49","level":"TRACE","logger":"org.hibernate.orm.jdbc.mutation","message":"HHH90005103:  Version select: select id from contacts where id=?"}{"timestamp":"2026-05-24 23:30:49","level":"TRACE","logger":"org.hibernate.orm.jdbc.mutation","message":"HHH90005104:  Insert (0): insert into contacts (created_at,created_by,email,message,name,status,subject,user_type) values (?,?,?,?,?,?,?,?)"}{"timestamp":"2026-05-24 23:30:49","level":"TRACE","logger":"org.hibernate.orm.jdbc.mutation","message":"HHH90005105:  Update (0): update contacts set email=?,message=?,name=?,status=?,subject=?,updated_at=?,updated_by=?,user_type=? where id=?"}{"timestamp":"2026-05-24 23:30:49","level":"TRACE","logger":"org.hibernate.orm.jdbc.mutation","message":"HHH90005106:  Delete (0): delete from contacts where id=?"}{"timestamp":"2026-05-24 23:30:49","level":"TRACE","logger":"org.hibernate.orm.results.graph.AST","message":"DomainResult graph:
 \-CollectionDomainResult [com.sp.jobportal.entity.Company.jobs]
"}{"timestamp":"2026-05-24 23:30:49","level":"TRACE","logger":"org.hibernate.orm.sql.ast.tree","message":"SQL AST Tree:
    SelectStatement {
      FromClause {
        OneToManyTableGroup (j1: com.sp.jobportal.entity.Company.jobs) {
          primaryTableReference: jobs as j1_0
          TableGroupJoins {
            left join LazyTableGroup (c1: com.sp.jobportal.entity.Company.jobs.{element}.company) {
            }
          }
        }
      }
    }
"}{"timestamp":"2026-05-24 23:30:49","level":"TRACE","logger":"org.hibernate.orm.jdbc.mutation","message":"HHH90005107: Static SQL for collection: com.sp.jobportal.entity.Company.jobs"}{"timestamp":"2026-05-24 23:30:49","level":"TRACE","logger":"org.hibernate.orm.core","message":"Wrapping up metadata context..."}{"timestamp":"2026-05-24 23:30:49","level":"TRACE","logger":"org.hibernate.orm.core","message":"Starting mapped superclass [com.sp.jobportal.entity.BaseEntity]"}{"timestamp":"2026-05-24 23:30:49","level":"TRACE","logger":"org.hibernate.orm.core","message":"Building attribute [com.sp.jobportal.entity.BaseEntity.createdAt]"}{"timestamp":"2026-05-24 23:30:49","level":"TRACE","logger":"org.postgresql.core.v3.ScramAuthenticator","message":" FE=> SASLResponse( c=biws,r=7AF;jn{aaDom^<HW1p'JJ6!CVCVXxCFHl6+iapBBYnrEvbVj,p=HlfyMtlam5ql+Udw6nDZR9t2VTLFgCw0f4/q/XV/9VU= )"}{"timestamp":"2026-05-24 23:30:49","level":"TRACE","logger":"org.hibernate.orm.core","message":"Starting attribute metadata determination [createdAt]"}{"timestamp":"2026-05-24 23:30:49","level":"TRACE","logger":"org.hibernate.orm.core","message":"	Member: private java.time.Instant com.sp.jobportal.entity.BaseEntity.createdAt"}{"timestamp":"2026-05-24 23:30:49","level":"TRACE","logger":"org.hibernate.orm.core","message":"	Type: instant [NamedBasicTypeImpl]"}{"timestamp":"2026-05-24 23:30:49","level":"TRACE","logger":"org.hibernate.orm.core","message":"Building attribute [com.sp.jobportal.entity.BaseEntity.createdBy]"}{"timestamp":"2026-05-24 23:30:49","level":"TRACE","logger":"org.hibernate.orm.core","message":"Starting attribute metadata determination [createdBy]"}{"timestamp":"2026-05-24 23:30:49","level":"TRACE","logger":"org.hibernate.orm.core","message":"	Member: private java.lang.String com.sp.jobportal.entity.BaseEntity.createdBy"}{"timestamp":"2026-05-24 23:30:49","level":"TRACE","logger":"org.hibernate.orm.core","message":"	Type: string [NamedBasicTypeImpl]"}{"timestamp":"2026-05-24 23:30:49","level":"TRACE","logger":"org.hibernate.orm.core","message":"Building attribute [com.sp.jobportal.entity.BaseEntity.updatedAt]"}{"timestamp":"2026-05-24 23:30:49","level":"TRACE","logger":"org.hibernate.orm.core","message":"Starting attribute metadata determination [updatedAt]"}{"timestamp":"2026-05-24 23:30:49","level":"TRACE","logger":"org.hibernate.orm.core","message":"	Member: private java.time.Instant com.sp.jobportal.entity.BaseEntity.updatedAt"}{"timestamp":"2026-05-24 23:30:49","level":"TRACE","logger":"org.hibernate.orm.core","message":"	Type: instant [NamedBasicTypeImpl]"}{"timestamp":"2026-05-24 23:30:49","level":"TRACE","logger":"org.hibernate.orm.core","message":"Building attribute [com.sp.jobportal.entity.BaseEntity.updatedBy]"}{"timestamp":"2026-05-24 23:30:49","level":"TRACE","logger":"org.hibernate.orm.core","message":"Starting attribute metadata determination [updatedBy]"}{"timestamp":"2026-05-24 23:30:49","level":"TRACE","logger":"org.hibernate.orm.core","message":"	Member: private java.lang.String com.sp.jobportal.entity.BaseEntity.updatedBy"}{"timestamp":"2026-05-24 23:30:49","level":"TRACE","logger":"org.hibernate.orm.core","message":"	Type: string [NamedBasicTypeImpl]"}{"timestamp":"2026-05-24 23:30:49","level":"TRACE","logger":"org.hibernate.metamodel.model.domain.internal.AbstractIdentifiableType","message":"Interpreting domain-model identifier descriptor"}{"timestamp":"2026-05-24 23:30:49","level":"TRACE","logger":"org.hibernate.orm.core","message":"Completed mapped superclass [com.sp.jobportal.entity.BaseEntity]"}{"timestamp":"2026-05-24 23:30:49","level":"TRACE","logger":"org.hibernate.orm.core","message":"Starting entity [com.sp.jobportal.entity.Job]"}{"timestamp":"2026-05-24 23:30:49","level":"TRACE","logger":"org.hibernate.orm.core","message":"Building identifier attribute [com.sp.jobportal.entity.Job.id]"}{"timestamp":"2026-05-24 23:30:49","level":"TRACE","logger":"org.hibernate.orm.core","message":"Starting attribute metadata determination [id]"}{"timestamp":"2026-05-24 23:30:49","level":"TRACE","logger":"org.hibernate.orm.core","message":"	Member: private java.lang.Long com.sp.jobportal.entity.Job.id"}{"timestamp":"2026-05-24 23:30:49","level":"TRACE","logger":"org.hibernate.orm.core","message":"	Type: long [NamedBasicTypeImpl]"}{"timestamp":"2026-05-24 23:30:49","level":"TRACE","logger":"org.hibernate.orm.core","message":"Building attribute [com.sp.jobportal.entity.Job.applicationDeadline]"}{"timestamp":"2026-05-24 23:30:49","level":"TRACE","logger":"org.hibernate.orm.core","message":"Starting attribute metadata determination [applicationDeadline]"}{"timestamp":"2026-05-24 23:30:49","level":"TRACE","logger":"org.hibernate.orm.core","message":"	Member: private java.time.Instant com.sp.jobportal.entity.Job.applicationDeadline"}{"timestamp":"2026-05-24 23:30:49","level":"TRACE","logger":"org.hibernate.orm.core","message":"	Type: instant [NamedBasicTypeImpl]"}{"timestamp":"2026-05-24 23:30:49","level":"TRACE","logger":"org.hibernate.orm.core","message":"Building attribute [com.sp.jobportal.entity.Job.applicationsCount]"}{"timestamp":"2026-05-24 23:30:49","level":"TRACE","logger":"org.hibernate.orm.core","message":"Starting attribute metadata determination [applicationsCount]"}{"timestamp":"2026-05-24 23:30:49","level":"TRACE","logger":"org.hibernate.orm.core","message":"	Member: private java.lang.Integer com.sp.jobportal.entity.Job.applicationsCount"}{"timestamp":"2026-05-24 23:30:49","level":"TRACE","logger":"org.hibernate.orm.core","message":"	Type: integer [NamedBasicTypeImpl]"}{"timestamp":"2026-05-24 23:30:49","level":"TRACE","logger":"org.hibernate.orm.core","message":"Building attribute [com.sp.jobportal.entity.Job.benefits]"}{"timestamp":"2026-05-24 23:30:49","level":"TRACE","logger":"org.hibernate.orm.core","message":"Starting attribute metadata determination [benefits]"}{"timestamp":"2026-05-24 23:30:49","level":"TRACE","logger":"org.hibernate.orm.core","message":"	Member: private java.lang.String com.sp.jobportal.entity.Job.benefits"}{"timestamp":"2026-05-24 23:30:49","level":"TRACE","logger":"org.hibernate.orm.core","message":"	Type: string [NamedBasicTypeImpl]"}{"timestamp":"2026-05-24 23:30:49","level":"TRACE","logger":"org.hibernate.orm.core","message":"Building attribute [com.sp.jobportal.entity.Job.category]"}{"timestamp":"2026-05-24 23:30:49","level":"TRACE","logger":"org.hibernate.orm.core","message":"Starting attribute metadata determination [category]"}{"timestamp":"2026-05-24 23:30:49","level":"TRACE","logger":"org.hibernate.orm.core","message":"	Member: private java.lang.String com.sp.jobportal.entity.Job.category"}{"timestamp":"2026-05-24 23:30:49","level":"TRACE","logger":"org.hibernate.orm.core","message":"	Type: string [NamedBasicTypeImpl]"}{"timestamp":"2026-05-24 23:30:49","level":"TRACE","logger":"org.hibernate.orm.core","message":"Building attribute [com.sp.jobportal.entity.Job.company]"}{"timestamp":"2026-05-24 23:30:49","level":"TRACE","logger":"org.hibernate.orm.core","message":"Starting attribute metadata determination [company]"}{"timestamp":"2026-05-24 23:30:49","level":"TRACE","logger":"org.hibernate.orm.core","message":"	Member: private com.sp.jobportal.entity.Company com.sp.jobportal.entity.Job.company"}{"timestamp":"2026-05-24 23:30:49","level":"TRACE","logger":"org.hibernate.orm.core","message":"	Type: com.sp.jobportal.entity.Company [ManyToOneType]"}{"timestamp":"2026-05-24 23:30:49","level":"TRACE","logger":"org.hibernate.orm.core","message":"Building attribute [com.sp.jobportal.entity.Job.description]"}{"timestamp":"2026-05-24 23:30:49","level":"TRACE","logger":"org.hibernate.orm.core","message":"Starting attribute metadata determination [description]"}{"timestamp":"2026-05-24 23:30:49","level":"TRACE","logger":"org.hibernate.orm.core","message":"	Member: private java.lang.String com.sp.jobportal.entity.Job.description"}{"timestamp":"2026-05-24 23:30:49","level":"TRACE","logger":"org.hibernate.orm.core","message":"	Type: string [NamedBasicTypeImpl]"}{"timestamp":"2026-05-24 23:30:49","level":"TRACE","logger":"org.hibernate.orm.core","message":"Building attribute [com.sp.jobportal.entity.Job.experienceLevel]"}{"timestamp":"2026-05-24 23:30:49","level":"TRACE","logger":"org.hibernate.orm.core","message":"Starting attribute metadata determination [experienceLevel]"}{"timestamp":"2026-05-24 23:30:49","level":"TRACE","logger":"org.hibernate.orm.core","message":"	Member: private java.lang.String com.sp.jobportal.entity.Job.experienceLevel"}{"timestamp":"2026-05-24 23:30:49","level":"TRACE","logger":"org.hibernate.orm.core","message":"	Type: string [NamedBasicTypeImpl]"}{"timestamp":"2026-05-24 23:30:49","level":"TRACE","logger":"org.hibernate.orm.core","message":"Building attribute [com.sp.jobportal.entity.Job.featured]"}{"timestamp":"2026-05-24 23:30:49","level":"TRACE","logger":"org.hibernate.orm.core","message":"Starting attribute metadata determination [featured]"}{"timestamp":"2026-05-24 23:30:49","level":"TRACE","logger":"org.hibernate.orm.core","message":"	Member: private java.lang.Boolean com.sp.jobportal.entity.Job.featured"}{"timestamp":"2026-05-24 23:30:49","level":"TRACE","logger":"org.hibernate.orm.core","message":"	Type: boolean [NamedBasicTypeImpl]"}{"timestamp":"2026-05-24 23:30:49","level":"TRACE","logger":"org.hibernate.orm.core","message":"Building attribute [com.sp.jobportal.entity.Job.jobType]"}{"timestamp":"2026-05-24 23:30:49","level":"TRACE","logger":"org.hibernate.orm.core","message":"Starting attribute metadata determination [jobType]"}{"timestamp":"2026-05-24 23:30:49","level":"TRACE","logger":"org.hibernate.orm.core","message":"	Member: private java.lang.String com.sp.jobportal.entity.Job.jobType"}{"timestamp":"2026-05-24 23:30:49","level":"TRACE","logger":"org.hibernate.orm.core","message":"	Type: string [NamedBasicTypeImpl]"}{"timestamp":"2026-05-24 23:30:49","level":"TRACE","logger":"org.hibernate.orm.core","message":"Building attribute [com.sp.jobportal.entity.Job.location]"}{"timestamp":"2026-05-24 23:30:49","level":"TRACE","logger":"org.hibernate.orm.core","message":"Starting attribute metadata determination [location]"}{"timestamp":"2026-05-24 23:30:49","level":"TRACE","logger":"org.hibernate.orm.core","message":"	Member: private java.lang.String com.sp.jobportal.entity.Job.location"}{"timestamp":"2026-05-24 23:30:49","level":"TRACE","logger":"org.hibernate.orm.core","message":"	Type: string [NamedBasicTypeImpl]"}{"timestamp":"2026-05-24 23:30:49","level":"TRACE","logger":"org.hibernate.orm.core","message":"Building attribute [com.sp.jobportal.entity.Job.postedDate]"}{"timestamp":"2026-05-24 23:30:49","level":"TRACE","logger":"org.hibernate.orm.core","message":"Starting attribute metadata determination [postedDate]"}{"timestamp":"2026-05-24 23:30:49","level":"TRACE","logger":"org.hibernate.orm.core","message":"	Member: private java.time.Instant com.sp.jobportal.entity.Job.postedDate"}{"timestamp":"2026-05-24 23:30:49","level":"TRACE","logger":"org.hibernate.orm.core","message":"	Type: instant [NamedBasicTypeImpl]"}{"timestamp":"2026-05-24 23:30:49","level":"TRACE","logger":"org.hibernate.orm.core","message":"Building attribute [com.sp.jobportal.entity.Job.remote]"}{"timestamp":"2026-05-24 23:30:49","level":"TRACE","logger":"org.hibernate.orm.core","message":"Starting attribute metadata determination [remote]"}{"timestamp":"2026-05-24 23:30:49","level":"TRACE","logger":"org.hibernate.orm.core","message":"	Member: private java.lang.Boolean com.sp.jobportal.entity.Job.remote"}{"timestamp":"2026-05-24 23:30:49","level":"TRACE","logger":"org.hibernate.orm.core","message":"	Type: boolean [NamedBasicTypeImpl]"}{"timestamp":"2026-05-24 23:30:49","level":"TRACE","logger":"org.hibernate.orm.core","message":"Building attribute [com.sp.jobportal.entity.Job.requirements]"}{"timestamp":"2026-05-24 23:30:49","level":"TRACE","logger":"org.hibernate.orm.core","message":"Starting attribute metadata determination [requirements]"}{"timestamp":"2026-05-24 23:30:49","level":"TRACE","logger":"org.hibernate.orm.core","message":"	Member: private java.lang.String com.sp.jobportal.entity.Job.requirements"}{"timestamp":"2026-05-24 23:30:49","level":"TRACE","logger":"org.hibernate.orm.core","message":"	Type: string [NamedBasicTypeImpl]"}{"timestamp":"2026-05-24 23:30:49","level":"TRACE","logger":"org.hibernate.orm.core","message":"Building attribute [com.sp.jobportal.entity.Job.salaryCurrency]"}{"timestamp":"2026-05-24 23:30:49","level":"TRACE","logger":"org.hibernate.orm.core","message":"Starting attribute metadata determination [salaryCurrency]"}{"timestamp":"2026-05-24 23:30:49","level":"TRACE","logger":"org.hibernate.orm.core","message":"	Member: private java.lang.String com.sp.jobportal.entity.Job.salaryCurrency"}{"timestamp":"2026-05-24 23:30:49","level":"TRACE","logger":"org.hibernate.orm.core","message":"	Type: string [NamedBasicTypeImpl]"}{"timestamp":"2026-05-24 23:30:49","level":"TRACE","logger":"org.hibernate.orm.core","message":"Building attribute [com.sp.jobportal.entity.Job.salaryMax]"}{"timestamp":"2026-05-24 23:30:49","level":"TRACE","logger":"org.hibernate.orm.core","message":"Starting attribute metadata determination [salaryMax]"}{"timestamp":"2026-05-24 23:30:49","level":"TRACE","logger":"org.hibernate.orm.core","message":"	Member: private java.math.BigDecimal com.sp.jobportal.entity.Job.salaryMax"}{"timestamp":"2026-05-24 23:30:49","level":"TRACE","logger":"org.hibernate.orm.core","message":"	Type: big_decimal [NamedBasicTypeImpl]"}{"timestamp":"2026-05-24 23:30:49","level":"TRACE","logger":"org.hibernate.orm.core","message":"Building attribute [com.sp.jobportal.entity.Job.salaryMin]"}{"timestamp":"2026-05-24 23:30:49","level":"TRACE","logger":"org.hibernate.orm.core","message":"Starting attribute metadata determination [salaryMin]"}{"timestamp":"2026-05-24 23:30:49","level":"TRACE","logger":"org.hibernate.orm.core","message":"	Member: private java.math.BigDecimal com.sp.jobportal.entity.Job.salaryMin"}{"timestamp":"2026-05-24 23:30:49","level":"TRACE","logger":"org.hibernate.orm.core","message":"	Type: big_decimal [NamedBasicTypeImpl]"}{"timestamp":"2026-05-24 23:30:49","level":"TRACE","logger":"org.hibernate.orm.core","message":"Building attribute [com.sp.jobportal.entity.Job.salaryPeriod]"}{"timestamp":"2026-05-24 23:30:49","level":"TRACE","logger":"org.hibernate.orm.core","message":"Starting attribute metadata determination [salaryPeriod]"}{"timestamp":"2026-05-24 23:30:49","level":"TRACE","logger":"org.hibernate.orm.core","message":"	Member: private java.lang.String com.sp.jobportal.entity.Job.salaryPeriod"}{"timestamp":"2026-05-24 23:30:49","level":"TRACE","logger":"org.hibernate.orm.core","message":"	Type: string [NamedBasicTypeImpl]"}{"timestamp":"2026-05-24 23:30:49","level":"TRACE","logger":"org.hibernate.orm.core","message":"Building attribute [com.sp.jobportal.entity.Job.status]"}{"timestamp":"2026-05-24 23:30:49","level":"TRACE","logger":"org.hibernate.orm.core","message":"Starting attribute metadata determination [status]"}{"timestamp":"2026-05-24 23:30:49","level":"TRACE","logger":"org.hibernate.orm.core","message":"	Member: private java.lang.String com.sp.jobportal.entity.Job.status"}{"timestamp":"2026-05-24 23:30:49","level":"TRACE","logger":"org.hibernate.orm.core","message":"	Type: string [NamedBasicTypeImpl]"}{"timestamp":"2026-05-24 23:30:49","level":"TRACE","logger":"org.hibernate.orm.core","message":"Building attribute [com.sp.jobportal.entity.Job.title]"}{"timestamp":"2026-05-24 23:30:49","level":"TRACE","logger":"org.hibernate.orm.core","message":"Starting attribute metadata determination [title]"}{"timestamp":"2026-05-24 23:30:49","level":"TRACE","logger":"org.hibernate.orm.core","message":"	Member: private java.lang.String com.sp.jobportal.entity.Job.title"}{"timestamp":"2026-05-24 23:30:49","level":"TRACE","logger":"org.hibernate.orm.core","message":"	Type: string [NamedBasicTypeImpl]"}{"timestamp":"2026-05-24 23:30:49","level":"TRACE","logger":"org.hibernate.orm.core","message":"Building attribute [com.sp.jobportal.entity.Job.urgent]"}{"timestamp":"2026-05-24 23:30:49","level":"TRACE","logger":"org.hibernate.orm.core","message":"Starting attribute metadata determination [urgent]"}{"timestamp":"2026-05-24 23:30:49","level":"TRACE","logger":"org.hibernate.orm.core","message":"	Member: private java.lang.Boolean com.sp.jobportal.entity.Job.urgent"}{"timestamp":"2026-05-24 23:30:49","level":"TRACE","logger":"org.hibernate.orm.core","message":"	Type: boolean [NamedBasicTypeImpl]"}{"timestamp":"2026-05-24 23:30:49","level":"TRACE","logger":"org.hibernate.orm.core","message":"Building attribute [com.sp.jobportal.entity.Job.workType]"}{"timestamp":"2026-05-24 23:30:49","level":"TRACE","logger":"org.hibernate.orm.core","message":"Starting attribute metadata determination [workType]"}{"timestamp":"2026-05-24 23:30:49","level":"TRACE","logger":"org.hibernate.orm.core","message":"	Member: private java.lang.String com.sp.jobportal.entity.Job.workType"}{"timestamp":"2026-05-24 23:30:49","level":"TRACE","logger":"org.hibernate.orm.core","message":"	Type: string [NamedBasicTypeImpl]"}{"timestamp":"2026-05-24 23:30:49","level":"TRACE","logger":"org.hibernate.metamodel.model.domain.internal.AbstractIdentifiableType","message":"Interpreting domain-model identifier descriptor"}{"timestamp":"2026-05-24 23:30:49","level":"TRACE","logger":"org.hibernate.orm.core","message":"Completed entity [com.sp.jobportal.entity.Job]"}{"timestamp":"2026-05-24 23:30:49","level":"TRACE","logger":"org.hibernate.orm.core","message":"Starting entity [com.sp.jobportal.entity.JobPortalUser]"}{"timestamp":"2026-05-24 23:30:49","level":"TRACE","logger":"org.hibernate.orm.core","message":"Building identifier attribute [com.sp.jobportal.entity.JobPortalUser.id]"}{"timestamp":"2026-05-24 23:30:49","level":"TRACE","logger":"org.hibernate.orm.core","message":"Starting attribute metadata determination [id]"}{"timestamp":"2026-05-24 23:30:49","level":"TRACE","logger":"org.hibernate.orm.core","message":"	Member: private java.lang.Long com.sp.jobportal.entity.JobPortalUser.id"}{"timestamp":"2026-05-24 23:30:49","level":"TRACE","logger":"org.hibernate.orm.core","message":"	Type: long [NamedBasicTypeImpl]"}{"timestamp":"2026-05-24 23:30:49","level":"TRACE","logger":"org.hibernate.orm.core","message":"Building attribute [com.sp.jobportal.entity.JobPortalUser.company]"}{"timestamp":"2026-05-24 23:30:49","level":"TRACE","logger":"org.hibernate.orm.core","message":"Starting attribute metadata determination [company]"}{"timestamp":"2026-05-24 23:30:49","level":"TRACE","logger":"org.hibernate.orm.core","message":"	Member: private com.sp.jobportal.entity.Company com.sp.jobportal.entity.JobPortalUser.company"}{"timestamp":"2026-05-24 23:30:49","level":"TRACE","logger":"org.hibernate.orm.core","message":"	Type: com.sp.jobportal.entity.Company [ManyToOneType]"}{"timestamp":"2026-05-24 23:30:49","level":"TRACE","logger":"org.hibernate.orm.core","message":"Building attribute [com.sp.jobportal.entity.JobPortalUser.email]"}{"timestamp":"2026-05-24 23:30:49","level":"TRACE","logger":"org.hibernate.orm.core","message":"Starting attribute metadata determination [email]"}{"timestamp":"2026-05-24 23:30:49","level":"TRACE","logger":"org.hibernate.orm.core","message":"	Member: private java.lang.String com.sp.jobportal.entity.JobPortalUser.email"}{"timestamp":"2026-05-24 23:30:49","level":"TRACE","logger":"org.hibernate.orm.core","message":"	Type: string [NamedBasicTypeImpl]"}{"timestamp":"2026-05-24 23:30:49","level":"TRACE","logger":"org.hibernate.orm.core","message":"Building attribute [com.sp.jobportal.entity.JobPortalUser.mobileNumber]"}{"timestamp":"2026-05-24 23:30:49","level":"TRACE","logger":"org.hibernate.orm.core","message":"Starting attribute metadata determination [mobileNumber]"}{"timestamp":"2026-05-24 23:30:49","level":"TRACE","logger":"org.hibernate.orm.core","message":"	Member: private java.lang.String com.sp.jobportal.entity.JobPortalUser.mobileNumber"}{"timestamp":"2026-05-24 23:30:49","level":"TRACE","logger":"org.hibernate.orm.core","message":"	Type: string [NamedBasicTypeImpl]"}{"timestamp":"2026-05-24 23:30:49","level":"TRACE","logger":"org.hibernate.orm.core","message":"Building attribute [com.sp.jobportal.entity.JobPortalUser.name]"}{"timestamp":"2026-05-24 23:30:49","level":"TRACE","logger":"org.hibernate.orm.core","message":"Starting attribute metadata determination [name]"}{"timestamp":"2026-05-24 23:30:49","level":"TRACE","logger":"org.hibernate.orm.core","message":"	Member: private java.lang.String com.sp.jobportal.entity.JobPortalUser.name"}{"timestamp":"2026-05-24 23:30:49","level":"TRACE","logger":"org.hibernate.orm.core","message":"	Type: string [NamedBasicTypeImpl]"}{"timestamp":"2026-05-24 23:30:49","level":"TRACE","logger":"org.hibernate.orm.core","message":"Building attribute [com.sp.jobportal.entity.JobPortalUser.passwordHash]"}{"timestamp":"2026-05-24 23:30:49","level":"TRACE","logger":"org.hibernate.orm.core","message":"Starting attribute metadata determination [passwordHash]"}{"timestamp":"2026-05-24 23:30:49","level":"TRACE","logger":"org.hibernate.orm.core","message":"	Member: private java.lang.String com.sp.jobportal.entity.JobPortalUser.passwordHash"}{"timestamp":"2026-05-24 23:30:49","level":"TRACE","logger":"org.hibernate.orm.core","message":"	Type: string [NamedBasicTypeImpl]"}{"timestamp":"2026-05-24 23:30:49","level":"TRACE","logger":"org.hibernate.orm.core","message":"Building attribute [com.sp.jobportal.entity.JobPortalUser.role]"}{"timestamp":"2026-05-24 23:30:49","level":"TRACE","logger":"org.hibernate.orm.core","message":"Starting attribute metadata determination [role]"}{"timestamp":"2026-05-24 23:30:49","level":"TRACE","logger":"org.hibernate.orm.core","message":"	Member: private com.sp.jobportal.entity.Role com.sp.jobportal.entity.JobPortalUser.role"}{"timestamp":"2026-05-24 23:30:49","level":"TRACE","logger":"org.hibernate.orm.core","message":"	Type: com.sp.jobportal.entity.Role [ManyToOneType]"}{"timestamp":"2026-05-24 23:30:49","level":"TRACE","logger":"org.hibernate.metamodel.model.domain.internal.AbstractIdentifiableType","message":"Interpreting domain-model identifier descriptor"}{"timestamp":"2026-05-24 23:30:49","level":"TRACE","logger":"org.hibernate.orm.core","message":"Completed entity [com.sp.jobportal.entity.JobPortalUser]"}{"timestamp":"2026-05-24 23:30:49","level":"TRACE","logger":"org.hibernate.orm.core","message":"Starting entity [com.sp.jobportal.entity.Company]"}{"timestamp":"2026-05-24 23:30:49","level":"TRACE","logger":"org.hibernate.orm.core","message":"Building identifier attribute [com.sp.jobportal.entity.Company.id]"}{"timestamp":"2026-05-24 23:30:49","level":"TRACE","logger":"org.hibernate.orm.core","message":"Starting attribute metadata determination [id]"}{"timestamp":"2026-05-24 23:30:49","level":"TRACE","logger":"org.hibernate.orm.core","message":"	Member: private java.lang.Long com.sp.jobportal.entity.Company.id"}{"timestamp":"2026-05-24 23:30:49","level":"TRACE","logger":"org.hibernate.orm.core","message":"	Type: long [NamedBasicTypeImpl]"}{"timestamp":"2026-05-24 23:30:49","level":"TRACE","logger":"org.hibernate.orm.core","message":"Building attribute [com.sp.jobportal.entity.Company.description]"}{"timestamp":"2026-05-24 23:30:49","level":"TRACE","logger":"org.hibernate.orm.core","message":"Starting attribute metadata determination [description]"}{"timestamp":"2026-05-24 23:30:49","level":"TRACE","logger":"org.hibernate.orm.core","message":"	Member: private java.lang.String com.sp.jobportal.entity.Company.description"}{"timestamp":"2026-05-24 23:30:49","level":"TRACE","logger":"org.hibernate.orm.core","message":"	Type: string [NamedBasicTypeImpl]"}{"timestamp":"2026-05-24 23:30:49","level":"TRACE","logger":"org.hibernate.orm.core","message":"Building attribute [com.sp.jobportal.entity.Company.employees]"}{"timestamp":"2026-05-24 23:30:49","level":"TRACE","logger":"org.hibernate.orm.core","message":"Starting attribute metadata determination [employees]"}{"timestamp":"2026-05-24 23:30:49","level":"TRACE","logger":"org.hibernate.orm.core","message":"	Member: private java.lang.Integer com.sp.jobportal.entity.Company.employees"}{"timestamp":"2026-05-24 23:30:49","level":"TRACE","logger":"org.hibernate.orm.core","message":"	Type: integer [NamedBasicTypeImpl]"}{"timestamp":"2026-05-24 23:30:49","level":"TRACE","logger":"org.hibernate.orm.core","message":"Building attribute [com.sp.jobportal.entity.Company.founded]"}{"timestamp":"2026-05-24 23:30:49","level":"TRACE","logger":"org.hibernate.orm.core","message":"Starting attribute metadata determination [founded]"}{"timestamp":"2026-05-24 23:30:49","level":"TRACE","logger":"org.hibernate.orm.core","message":"	Member: private java.lang.Integer com.sp.jobportal.entity.Company.founded"}{"timestamp":"2026-05-24 23:30:49","level":"TRACE","logger":"org.hibernate.orm.core","message":"	Type: integer [NamedBasicTypeImpl]"}{"timestamp":"2026-05-24 23:30:49","level":"TRACE","logger":"org.hibernate.orm.core","message":"Building attribute [com.sp.jobportal.entity.Company.industry]"}{"timestamp":"2026-05-24 23:30:49","level":"TRACE","logger":"org.hibernate.orm.core","message":"Starting attribute metadata determination [industry]"}{"timestamp":"2026-05-24 23:30:49","level":"TRACE","logger":"org.hibernate.orm.core","message":"	Member: private java.lang.String com.sp.jobportal.entity.Company.industry"}{"timestamp":"2026-05-24 23:30:49","level":"TRACE","logger":"org.hibernate.orm.core","message":"	Type: string [NamedBasicTypeImpl]"}{"timestamp":"2026-05-24 23:30:49","level":"TRACE","logger":"org.hibernate.orm.core","message":"Building attribute [com.sp.jobportal.entity.Company.jobs]"}{"timestamp":"2026-05-24 23:30:49","level":"TRACE","logger":"org.hibernate.orm.core","message":"Starting attribute metadata determination [jobs]"}{"timestamp":"2026-05-24 23:30:49","level":"TRACE","logger":"org.hibernate.orm.core","message":"	Member: java.util.List com.sp.jobportal.entity.Company.jobs"}{"timestamp":"2026-05-24 23:30:49","level":"TRACE","logger":"org.hibernate.orm.core","message":"	Type: java.util.Collection(com.sp.jobportal.entity.Company.jobs) [BagType]"}{"timestamp":"2026-05-24 23:30:49","level":"TRACE","logger":"org.hibernate.orm.core","message":"Building attribute [com.sp.jobportal.entity.Company.locations]"}{"timestamp":"2026-05-24 23:30:49","level":"TRACE","logger":"org.hibernate.orm.core","message":"Starting attribute metadata determination [locations]"}{"timestamp":"2026-05-24 23:30:49","level":"TRACE","logger":"org.hibernate.orm.core","message":"	Member: private java.lang.String com.sp.jobportal.entity.Company.locations"}{"timestamp":"2026-05-24 23:30:49","level":"TRACE","logger":"org.hibernate.orm.core","message":"	Type: string [NamedBasicTypeImpl]"}{"timestamp":"2026-05-24 23:30:49","level":"TRACE","logger":"org.hibernate.orm.core","message":"Building attribute [com.sp.jobportal.entity.Company.logo]"}{"timestamp":"2026-05-24 23:30:49","level":"TRACE","logger":"org.hibernate.orm.core","message":"Starting attribute metadata determination [logo]"}{"timestamp":"2026-05-24 23:30:49","level":"TRACE","logger":"org.hibernate.orm.core","message":"	Member: private java.lang.String com.sp.jobportal.entity.Company.logo"}{"timestamp":"2026-05-24 23:30:49","level":"TRACE","logger":"org.hibernate.orm.core","message":"	Type: string [NamedBasicTypeImpl]"}{"timestamp":"2026-05-24 23:30:49","level":"TRACE","logger":"org.hibernate.orm.core","message":"Building attribute [com.sp.jobportal.entity.Company.name]"}{"timestamp":"2026-05-24 23:30:49","level":"TRACE","logger":"org.hibernate.orm.core","message":"Starting attribute metadata determination [name]"}{"timestamp":"2026-05-24 23:30:49","level":"TRACE","logger":"org.hibernate.orm.core","message":"	Member: private java.lang.String com.sp.jobportal.entity.Company.name"}{"timestamp":"2026-05-24 23:30:49","level":"TRACE","logger":"org.hibernate.orm.core","message":"	Type: string [NamedBasicTypeImpl]"}{"timestamp":"2026-05-24 23:30:49","level":"TRACE","logger":"org.hibernate.orm.core","message":"Building attribute [com.sp.jobportal.entity.Company.rating]"}{"timestamp":"2026-05-24 23:30:49","level":"TRACE","logger":"org.hibernate.orm.core","message":"Starting attribute metadata determination [rating]"}{"timestamp":"2026-05-24 23:30:49","level":"TRACE","logger":"org.hibernate.orm.core","message":"	Member: private java.math.BigDecimal com.sp.jobportal.entity.Company.rating"}{"timestamp":"2026-05-24 23:30:49","level":"TRACE","logger":"org.hibernate.orm.core","message":"	Type: big_decimal [NamedBasicTypeImpl]"}{"timestamp":"2026-05-24 23:30:49","level":"TRACE","logger":"org.hibernate.orm.core","message":"Building attribute [com.sp.jobportal.entity.Company.size]"}{"timestamp":"2026-05-24 23:30:49","level":"TRACE","logger":"org.hibernate.orm.core","message":"Starting attribute metadata determination [size]"}{"timestamp":"2026-05-24 23:30:49","level":"TRACE","logger":"org.hibernate.orm.core","message":"	Member: private java.lang.String com.sp.jobportal.entity.Company.size"}{"timestamp":"2026-05-24 23:30:49","level":"TRACE","logger":"org.hibernate.orm.core","message":"	Type: string [NamedBasicTypeImpl]"}{"timestamp":"2026-05-24 23:30:49","level":"TRACE","logger":"org.hibernate.orm.core","message":"Building attribute [com.sp.jobportal.entity.Company.website]"}{"timestamp":"2026-05-24 23:30:49","level":"TRACE","logger":"org.hibernate.orm.core","message":"Starting attribute metadata determination [website]"}{"timestamp":"2026-05-24 23:30:49","level":"TRACE","logger":"org.postgresql.core.v3.ScramAuthenticator","message":" <=BE AuthenticationSASLFinal( v=8PgoSVNf+jHPNoLSkWGhCFui8/NEsSL9eW+8SN+PKdQ= )"}{"timestamp":"2026-05-24 23:30:49","level":"TRACE","logger":"org.postgresql.core.v3.ConnectionFactoryImpl","message":" <=BE AuthenticationOk"}{"timestamp":"2026-05-24 23:30:49","level":"TRACE","logger":"org.postgresql.core.v3.QueryExecutorImpl","message":" <=BE ParameterStatus(in_hot_standby = off)"}{"timestamp":"2026-05-24 23:30:49","level":"TRACE","logger":"org.postgresql.core.v3.QueryExecutorImpl","message":" <=BE ParameterStatus(integer_datetimes = on)"}{"timestamp":"2026-05-24 23:30:49","level":"TRACE","logger":"org.postgresql.core.v3.QueryExecutorImpl","message":" <=BE ParameterStatus(TimeZone = UTC)"}{"timestamp":"2026-05-24 23:30:49","level":"TRACE","logger":"org.postgresql.core.v3.QueryExecutorImpl","message":" <=BE ParameterStatus(IntervalStyle = postgres)"}{"timestamp":"2026-05-24 23:30:49","level":"TRACE","logger":"org.postgresql.core.v3.QueryExecutorImpl","message":" <=BE ParameterStatus(is_superuser = on)"}{"timestamp":"2026-05-24 23:30:49","level":"TRACE","logger":"org.postgresql.core.v3.QueryExecutorImpl","message":" <=BE ParameterStatus(application_name = )"}{"timestamp":"2026-05-24 23:30:49","level":"TRACE","logger":"org.postgresql.core.v3.QueryExecutorImpl","message":" <=BE ParameterStatus(default_transaction_read_only = off)"}{"timestamp":"2026-05-24 23:30:49","level":"TRACE","logger":"org.postgresql.core.v3.QueryExecutorImpl","message":" <=BE ParameterStatus(scram_iterations = 4096)"}{"timestamp":"2026-05-24 23:30:49","level":"TRACE","logger":"org.postgresql.core.v3.QueryExecutorImpl","message":" <=BE ParameterStatus(DateStyle = ISO, MDY)"}{"timestamp":"2026-05-24 23:30:49","level":"TRACE","logger":"org.postgresql.core.v3.QueryExecutorImpl","message":" <=BE ParameterStatus(standard_conforming_strings = on)"}{"timestamp":"2026-05-24 23:30:49","level":"TRACE","logger":"org.postgresql.core.v3.QueryExecutorImpl","message":" <=BE ParameterStatus(session_authorization = myuser)"}{"timestamp":"2026-05-24 23:30:49","level":"TRACE","logger":"org.postgresql.core.v3.QueryExecutorImpl","message":" <=BE ParameterStatus(client_encoding = UTF8)"}{"timestamp":"2026-05-24 23:30:49","level":"TRACE","logger":"org.postgresql.core.v3.QueryExecutorImpl","message":" <=BE ParameterStatus(server_version = 17.9 (Debian 17.9-1.pgdg13+1))"}{"timestamp":"2026-05-24 23:30:49","level":"TRACE","logger":"org.postgresql.core.v3.QueryExecutorImpl","message":" <=BE ParameterStatus(server_encoding = UTF8)"}{"timestamp":"2026-05-24 23:30:49","level":"TRACE","logger":"org.postgresql.core.v3.QueryExecutorImpl","message":" <=BE BackendKeyData(pid=146,ckey=[B@2b22f5ca)"}{"timestamp":"2026-05-24 23:30:49","level":"TRACE","logger":"org.postgresql.core.v3.QueryExecutorImpl","message":" <=BE ReadyForQuery(I)"}{"timestamp":"2026-05-24 23:30:49","level":"TRACE","logger":"org.postgresql.core.v3.QueryExecutorImpl","message":"  simple execute, handler=org.postgresql.core.SetupQueryRunner$SimpleResultHandler@363b6542, maxRows=0, fetchSize=0, flags=1,047"}{"timestamp":"2026-05-24 23:30:49","level":"TRACE","logger":"org.postgresql.core.v3.QueryExecutorImpl","message":" FE=> SimpleQuery(query="SET application_name = 'PostgreSQL JDBC Driver'")"}{"timestamp":"2026-05-24 23:30:49","level":"TRACE","logger":"org.hibernate.orm.core","message":"	Member: private java.lang.String com.sp.jobportal.entity.Company.website"}{"timestamp":"2026-05-24 23:30:49","level":"TRACE","logger":"org.hibernate.orm.core","message":"	Type: string [NamedBasicTypeImpl]"}{"timestamp":"2026-05-24 23:30:49","level":"TRACE","logger":"org.hibernate.metamodel.model.domain.internal.AbstractIdentifiableType","message":"Interpreting domain-model identifier descriptor"}{"timestamp":"2026-05-24 23:30:49","level":"TRACE","logger":"org.postgresql.core.v3.QueryExecutorImpl","message":" <=BE CommandStatus(SET)"}{"timestamp":"2026-05-24 23:30:49","level":"TRACE","logger":"org.postgresql.core.v3.QueryExecutorImpl","message":" <=BE ParameterStatus(application_name = PostgreSQL JDBC Driver)"}{"timestamp":"2026-05-24 23:30:49","level":"TRACE","logger":"org.postgresql.core.v3.QueryExecutorImpl","message":" <=BE ReadyForQuery(I)"}{"timestamp":"2026-05-24 23:30:49","level":"TRACE","logger":"org.postgresql.jdbc.PgConnection","message":"    types using binary send = TIMESTAMPTZ,NUMERIC,OID_ARRAY,UUID,BYTEA_ARRAY,INT2_ARRAY,INT4_ARRAY,BYTEA,TEXT_ARRAY,TIMETZ,INT8,INT2,INT4,VARCHAR_ARRAY,INT8_ARRAY,POINT,TIMESTAMP,TIME,BOX,FLOAT4,FLOAT8,FLOAT4_ARRAY,FLOAT8_ARRAY"}{"timestamp":"2026-05-24 23:30:49","level":"TRACE","logger":"org.postgresql.jdbc.PgConnection","message":"    types using binary receive = TIMESTAMPTZ,NUMERIC,OID_ARRAY,UUID,BYTEA_ARRAY,INT2_ARRAY,INT4_ARRAY,BYTEA,TEXT_ARRAY,TIMETZ,INT8,INT2,INT4,VARCHAR_ARRAY,INT8_ARRAY,POINT,DATE,TIMESTAMP,TIME,BOX,FLOAT4,FLOAT8,FLOAT4_ARRAY,FLOAT8_ARRAY"}{"timestamp":"2026-05-24 23:30:49","level":"TRACE","logger":"org.postgresql.jdbc.PgConnection","message":"    integer date/time = true"}{"timestamp":"2026-05-24 23:30:49","level":"DEBUG","logger":"com.zaxxer.hikari.pool.PoolBase","message":"HikariPool-3 - Established new connection (4ffb46a2-1559-43bb-938d-f6cd84132575)"}{"timestamp":"2026-05-24 23:30:49","level":"DEBUG","logger":"com.zaxxer.hikari.pool.HikariPool","message":"HikariPool-3 - Added connection org.postgresql.jdbc.PgConnection@5305adfc"}{"timestamp":"2026-05-24 23:30:49","level":"TRACE","logger":"org.hibernate.orm.core","message":"Completed entity [com.sp.jobportal.entity.Company]"}{"timestamp":"2026-05-24 23:30:49","level":"TRACE","logger":"org.hibernate.orm.core","message":"Starting entity [com.sp.jobportal.entity.Role]"}{"timestamp":"2026-05-24 23:30:49","level":"TRACE","logger":"org.hibernate.orm.core","message":"Building identifier attribute [com.sp.jobportal.entity.Role.id]"}{"timestamp":"2026-05-24 23:30:49","level":"TRACE","logger":"org.hibernate.orm.core","message":"Starting attribute metadata determination [id]"}{"timestamp":"2026-05-24 23:30:49","level":"TRACE","logger":"org.hibernate.orm.core","message":"	Member: private java.lang.Long com.sp.jobportal.entity.Role.id"}{"timestamp":"2026-05-24 23:30:49","level":"TRACE","logger":"org.hibernate.orm.core","message":"	Type: long [NamedBasicTypeImpl]"}{"timestamp":"2026-05-24 23:30:49","level":"TRACE","logger":"org.hibernate.orm.core","message":"Building attribute [com.sp.jobportal.entity.Role.name]"}{"timestamp":"2026-05-24 23:30:49","level":"TRACE","logger":"org.hibernate.orm.core","message":"Starting attribute metadata determination [name]"}{"timestamp":"2026-05-24 23:30:49","level":"TRACE","logger":"org.hibernate.orm.core","message":"	Member: private java.lang.String com.sp.jobportal.entity.Role.name"}{"timestamp":"2026-05-24 23:30:49","level":"TRACE","logger":"org.hibernate.orm.core","message":"	Type: string [NamedBasicTypeImpl]"}{"timestamp":"2026-05-24 23:30:49","level":"TRACE","logger":"org.hibernate.metamodel.model.domain.internal.AbstractIdentifiableType","message":"Interpreting domain-model identifier descriptor"}{"timestamp":"2026-05-24 23:30:49","level":"TRACE","logger":"org.hibernate.orm.core","message":"Completed entity [com.sp.jobportal.entity.Role]"}{"timestamp":"2026-05-24 23:30:49","level":"TRACE","logger":"org.hibernate.orm.core","message":"Starting entity [com.sp.jobportal.entity.Contact]"}{"timestamp":"2026-05-24 23:30:49","level":"TRACE","logger":"org.hibernate.orm.core","message":"Building identifier attribute [com.sp.jobportal.entity.Contact.id]"}{"timestamp":"2026-05-24 23:30:49","level":"TRACE","logger":"org.hibernate.orm.core","message":"Starting attribute metadata determination [id]"}{"timestamp":"2026-05-24 23:30:49","level":"TRACE","logger":"org.hibernate.orm.core","message":"	Member: private java.lang.Long com.sp.jobportal.entity.Contact.id"}{"timestamp":"2026-05-24 23:30:49","level":"TRACE","logger":"org.hibernate.orm.core","message":"	Type: long [NamedBasicTypeImpl]"}{"timestamp":"2026-05-24 23:30:49","level":"TRACE","logger":"org.hibernate.orm.core","message":"Building attribute [com.sp.jobportal.entity.Contact.email]"}{"timestamp":"2026-05-24 23:30:49","level":"TRACE","logger":"org.hibernate.orm.core","message":"Starting attribute metadata determination [email]"}{"timestamp":"2026-05-24 23:30:49","level":"TRACE","logger":"org.hibernate.orm.core","message":"	Member: private java.lang.String com.sp.jobportal.entity.Contact.email"}{"timestamp":"2026-05-24 23:30:49","level":"TRACE","logger":"org.hibernate.orm.core","message":"	Type: string [NamedBasicTypeImpl]"}{"timestamp":"2026-05-24 23:30:49","level":"TRACE","logger":"org.hibernate.orm.core","message":"Building attribute [com.sp.jobportal.entity.Contact.message]"}{"timestamp":"2026-05-24 23:30:49","level":"TRACE","logger":"org.hibernate.orm.core","message":"Starting attribute metadata determination [message]"}{"timestamp":"2026-05-24 23:30:49","level":"TRACE","logger":"org.hibernate.orm.core","message":"	Member: private java.lang.String com.sp.jobportal.entity.Contact.message"}{"timestamp":"2026-05-24 23:30:49","level":"TRACE","logger":"org.hibernate.orm.core","message":"	Type: materialized_clob [NamedBasicTypeImpl]"}{"timestamp":"2026-05-24 23:30:49","level":"TRACE","logger":"org.hibernate.orm.core","message":"Building attribute [com.sp.jobportal.entity.Contact.name]"}{"timestamp":"2026-05-24 23:30:49","level":"TRACE","logger":"org.hibernate.orm.core","message":"Starting attribute metadata determination [name]"}{"timestamp":"2026-05-24 23:30:49","level":"TRACE","logger":"org.hibernate.orm.core","message":"	Member: private java.lang.String com.sp.jobportal.entity.Contact.name"}{"timestamp":"2026-05-24 23:30:49","level":"TRACE","logger":"org.hibernate.orm.core","message":"	Type: string [NamedBasicTypeImpl]"}{"timestamp":"2026-05-24 23:30:49","level":"TRACE","logger":"org.hibernate.orm.core","message":"Building attribute [com.sp.jobportal.entity.Contact.status]"}{"timestamp":"2026-05-24 23:30:49","level":"TRACE","logger":"org.hibernate.orm.core","message":"Starting attribute metadata determination [status]"}{"timestamp":"2026-05-24 23:30:49","level":"TRACE","logger":"org.hibernate.orm.core","message":"	Member: private java.lang.String com.sp.jobportal.entity.Contact.status"}{"timestamp":"2026-05-24 23:30:49","level":"TRACE","logger":"org.hibernate.orm.core","message":"	Type: string [NamedBasicTypeImpl]"}{"timestamp":"2026-05-24 23:30:49","level":"TRACE","logger":"org.hibernate.orm.core","message":"Building attribute [com.sp.jobportal.entity.Contact.subject]"}{"timestamp":"2026-05-24 23:30:49","level":"TRACE","logger":"org.hibernate.orm.core","message":"Starting attribute metadata determination [subject]"}{"timestamp":"2026-05-24 23:30:49","level":"TRACE","logger":"org.hibernate.orm.core","message":"	Member: private java.lang.String com.sp.jobportal.entity.Contact.subject"}{"timestamp":"2026-05-24 23:30:49","level":"TRACE","logger":"org.hibernate.orm.core","message":"	Type: string [NamedBasicTypeImpl]"}{"timestamp":"2026-05-24 23:30:49","level":"TRACE","logger":"org.hibernate.orm.core","message":"Building attribute [com.sp.jobportal.entity.Contact.userType]"}{"timestamp":"2026-05-24 23:30:49","level":"TRACE","logger":"org.hibernate.orm.core","message":"Starting attribute metadata determination [userType]"}{"timestamp":"2026-05-24 23:30:49","level":"TRACE","logger":"org.hibernate.orm.core","message":"	Member: private java.lang.String com.sp.jobportal.entity.Contact.userType"}{"timestamp":"2026-05-24 23:30:49","level":"TRACE","logger":"org.hibernate.orm.core","message":"	Type: string [NamedBasicTypeImpl]"}{"timestamp":"2026-05-24 23:30:49","level":"TRACE","logger":"org.hibernate.metamodel.model.domain.internal.AbstractIdentifiableType","message":"Interpreting domain-model identifier descriptor"}{"timestamp":"2026-05-24 23:30:49","level":"TRACE","logger":"org.hibernate.orm.core","message":"Completed entity [com.sp.jobportal.entity.Contact]"}{"timestamp":"2026-05-24 23:30:49","level":"TRACE","logger":"org.hibernate.orm.service","message":"HHH010500: Initializing service: org.hibernate.engine.transaction.jta.platform.spi.JtaPlatform"}{"timestamp":"2026-05-24 23:30:49","level":"INFO","logger":"org.hibernate.orm.core","message":"HHH000489: No JTA platform available (set 'hibernate.transaction.jta.platform' to enable JTA platform integration)"}{"timestamp":"2026-05-24 23:30:49","level":"TRACE","logger":"org.hibernate.orm.service","message":"HHH010500: Initializing service: org.hibernate.event.spi.EntityCopyObserverFactory"}{"timestamp":"2026-05-24 23:30:49","level":"TRACE","logger":"org.hibernate.orm.event.copy","message":"HHH90080100: Configured EntityCopyObserver strategy: disallow"}{"timestamp":"2026-05-24 23:30:49","level":"TRACE","logger":"org.hibernate.orm.service","message":"HHH010500: Initializing service: org.hibernate.engine.jdbc.batch.spi.BatchBuilder"}{"timestamp":"2026-05-24 23:30:49","level":"TRACE","logger":"org.hibernate.orm.jdbc.batch","message":"Using standard JDBC batch builder"}{"timestamp":"2026-05-24 23:30:49","level":"DEBUG","logger":"org.hibernate.orm.service","message":"HHH010454: EventListenerRegistry access via ServiceRegistry is deprecated - use 'sessionFactory.getEventEngine().getListenerRegistry()' instead"}{"timestamp":"2026-05-24 23:30:49","level":"TRACE","logger":"org.hibernate.query.named.NamedObjectRepository","message":"Checking 0 named HQL queries"}{"timestamp":"2026-05-24 23:30:49","level":"TRACE","logger":"org.hibernate.query.named.NamedObjectRepository","message":"Checking 0 named SQL queries"}{"timestamp":"2026-05-24 23:30:49","level":"TRACE","logger":"org.hibernate.orm.service","message":"HHH010500: Initializing service: org.hibernate.tool.schema.spi.SchemaManagementTool"}{"timestamp":"2026-05-24 23:30:49","level":"TRACE","logger":"org.hibernate.orm.service","message":"HHH010500: Initializing service: org.hibernate.engine.jdbc.connections.spi.MultiTenantConnectionProvider"}{"timestamp":"2026-05-24 23:30:49","level":"TRACE","logger":"org.postgresql.core.v3.QueryExecutorImpl","message":"  simple execute, handler=org.postgresql.jdbc.PgStatement$StatementResultHandler@423df697, maxRows=0, fetchSize=0, flags=1,041"}{"timestamp":"2026-05-24 23:30:49","level":"TRACE","logger":"org.postgresql.core.v3.QueryExecutorImpl","message":" FE=> SimpleQuery(query="")"}{"timestamp":"2026-05-24 23:30:49","level":"TRACE","logger":"org.postgresql.core.v3.QueryExecutorImpl","message":" <=BE EmptyQuery"}{"timestamp":"2026-05-24 23:30:49","level":"TRACE","logger":"org.postgresql.core.v3.QueryExecutorImpl","message":" <=BE ReadyForQuery(I)"}{"timestamp":"2026-05-24 23:30:49","level":"TRACE","logger":"org.postgresql.core.v3.QueryExecutorImpl","message":" FE marking setPortalDescribed(false) for query "}{"timestamp":"2026-05-24 23:30:49","level":"TRACE","logger":"org.postgresql.core.v3.QueryExecutorImpl","message":"  simple execute, handler=org.postgresql.jdbc.PgStatement$StatementResultHandler@337498b0, maxRows=0, fetchSize=0, flags=17"}{"timestamp":"2026-05-24 23:30:49","level":"TRACE","logger":"org.postgresql.core.v3.QueryExecutorImpl","message":" FE=> Parse(stmt=null,query="select * from information_schema.sequences",oids={})"}{"timestamp":"2026-05-24 23:30:49","level":"TRACE","logger":"org.postgresql.core.v3.QueryExecutorImpl","message":" FE=> Bind(stmt=null,portal=null)"}{"timestamp":"2026-05-24 23:30:49","level":"TRACE","logger":"org.postgresql.core.v3.QueryExecutorImpl","message":" FE=> Describe(portal=null)"}{"timestamp":"2026-05-24 23:30:49","level":"TRACE","logger":"org.postgresql.core.v3.QueryExecutorImpl","message":" FE=> Execute(portal=null,limit=0)"}{"timestamp":"2026-05-24 23:30:49","level":"TRACE","logger":"org.postgresql.core.v3.QueryExecutorImpl","message":" FE=> Sync"}{"timestamp":"2026-05-24 23:30:49","level":"DEBUG","logger":"com.zaxxer.hikari.pool.HikariPool","message":"HikariPool-3 - After adding stats (total=3/10, idle=2/10, active=1, waiting=0)"}{"timestamp":"2026-05-24 23:30:49","level":"DEBUG","logger":"com.zaxxer.hikari.pool.PoolBase","message":"HikariPool-3 - Attempting to create/setup new connection (58718335-01cd-45fd-b263-b37349a832c6)"}{"timestamp":"2026-05-24 23:30:49","level":"DEBUG","logger":"org.postgresql.Driver","message":"Connecting with URL: jdbc:postgresql://127.0.0.1:5433/mydb"}{"timestamp":"2026-05-24 23:30:49","level":"DEBUG","logger":"org.postgresql.jdbc.PgConnection","message":"PostgreSQL JDBC Driver 42.7.10"}{"timestamp":"2026-05-24 23:30:49","level":"DEBUG","logger":"org.postgresql.jdbc.PgConnection","message":"  setDefaultFetchSize = 0"}{"timestamp":"2026-05-24 23:30:49","level":"DEBUG","logger":"org.postgresql.jdbc.PgConnection","message":"  setQueryTimeout = 0"}{"timestamp":"2026-05-24 23:30:49","level":"DEBUG","logger":"org.postgresql.jdbc.PgConnection","message":"  setPrepareThreshold = 5"}{"timestamp":"2026-05-24 23:30:49","level":"DEBUG","logger":"org.postgresql.core.v3.ConnectionFactoryImpl","message":"Trying to establish a protocol version 3 connection to 127.0.0.1:5433"}{"timestamp":"2026-05-24 23:30:49","level":"DEBUG","logger":"org.postgresql.core.v3.ConnectionFactoryImpl","message":"Receive Buffer Size is 65,536"}{"timestamp":"2026-05-24 23:30:49","level":"DEBUG","logger":"org.postgresql.core.v3.ConnectionFactoryImpl","message":"Send Buffer Size is 65,536"}{"timestamp":"2026-05-24 23:30:49","level":"TRACE","logger":"org.postgresql.core.v3.ConnectionFactoryImpl","message":" FE=> SSLRequest postgres"}{"timestamp":"2026-05-24 23:30:49","level":"TRACE","logger":"org.postgresql.core.v3.QueryExecutorImpl","message":" <=BE ParseComplete [null]"}{"timestamp":"2026-05-24 23:30:49","level":"TRACE","logger":"org.postgresql.core.v3.QueryExecutorImpl","message":" <=BE BindComplete [unnamed]"}{"timestamp":"2026-05-24 23:30:49","level":"TRACE","logger":"org.postgresql.core.v3.QueryExecutorImpl","message":" <=BE RowDescription(12)"}{"timestamp":"2026-05-24 23:30:49","level":"TRACE","logger":"org.postgresql.core.v3.QueryExecutorImpl","message":"        Field(sequence_catalog,NAME,64,T)"}{"timestamp":"2026-05-24 23:30:49","level":"TRACE","logger":"org.postgresql.core.v3.QueryExecutorImpl","message":"        Field(sequence_schema,NAME,64,T)"}{"timestamp":"2026-05-24 23:30:49","level":"TRACE","logger":"org.postgresql.core.v3.QueryExecutorImpl","message":"        Field(sequence_name,NAME,64,T)"}{"timestamp":"2026-05-24 23:30:49","level":"TRACE","logger":"org.postgresql.core.v3.QueryExecutorImpl","message":"        Field(data_type,VARCHAR,65535,T)"}{"timestamp":"2026-05-24 23:30:49","level":"TRACE","logger":"org.postgresql.core.v3.QueryExecutorImpl","message":"        Field(numeric_precision,INT4,4,T)"}{"timestamp":"2026-05-24 23:30:49","level":"TRACE","logger":"org.postgresql.core.v3.QueryExecutorImpl","message":"        Field(numeric_precision_radix,INT4,4,T)"}{"timestamp":"2026-05-24 23:30:49","level":"TRACE","logger":"org.postgresql.core.v3.QueryExecutorImpl","message":"        Field(numeric_scale,INT4,4,T)"}{"timestamp":"2026-05-24 23:30:49","level":"TRACE","logger":"org.postgresql.core.v3.QueryExecutorImpl","message":"        Field(start_value,VARCHAR,65535,T)"}{"timestamp":"2026-05-24 23:30:49","level":"TRACE","logger":"org.postgresql.core.v3.QueryExecutorImpl","message":"        Field(minimum_value,VARCHAR,65535,T)"}{"timestamp":"2026-05-24 23:30:49","level":"TRACE","logger":"org.postgresql.core.v3.QueryExecutorImpl","message":"        Field(maximum_value,VARCHAR,65535,T)"}{"timestamp":"2026-05-24 23:30:49","level":"TRACE","logger":"org.postgresql.core.v3.QueryExecutorImpl","message":"        Field(increment,VARCHAR,65535,T)"}{"timestamp":"2026-05-24 23:30:49","level":"TRACE","logger":"org.postgresql.core.v3.QueryExecutorImpl","message":"        Field(cycle_option,VARCHAR,65535,T)"}{"timestamp":"2026-05-24 23:30:49","level":"TRACE","logger":"org.postgresql.core.v3.QueryExecutorImpl","message":" <=BE CommandStatus(SELECT 0)"}{"timestamp":"2026-05-24 23:30:49","level":"TRACE","logger":"org.postgresql.core.v3.QueryExecutorImpl","message":" <=BE ReadyForQuery(I)"}{"timestamp":"2026-05-24 23:30:49","level":"TRACE","logger":"org.postgresql.core.v3.QueryExecutorImpl","message":"  simple execute, handler=org.postgresql.jdbc.PgStatement$StatementResultHandler@5a2f4ef8, maxRows=0, fetchSize=0, flags=17"}{"timestamp":"2026-05-24 23:30:49","level":"TRACE","logger":"org.postgresql.core.v3.QueryExecutorImpl","message":" FE=> Parse(stmt=null,query="SELECT current_database() AS "TABLE_CAT", n.nspname AS "TABLE_SCHEM", c.relname AS "TABLE_NAME",  CASE n.nspname ~ '^pg_' OR n.nspname = 'information_schema'  WHEN true THEN CASE  WHEN n.nspname = 'pg_catalog' OR n.nspname = 'information_schema' THEN CASE c.relkind   WHEN 'r' THEN 'SYSTEM TABLE'   WHEN 'v' THEN 'SYSTEM VIEW'   WHEN 'i' THEN 'SYSTEM INDEX'   ELSE NULL   END  WHEN n.nspname = 'pg_toast' THEN CASE c.relkind   WHEN 'r' THEN 'SYSTEM TOAST TABLE'   WHEN 'i' THEN 'SYSTEM TOAST INDEX'   ELSE NULL   END  ELSE CASE c.relkind   WHEN 'r' THEN 'TEMPORARY TABLE'   WHEN 'p' THEN 'TEMPORARY TABLE'   WHEN 'i' THEN 'TEMPORARY INDEX'   WHEN 'S' THEN 'TEMPORARY SEQUENCE'   WHEN 'v' THEN 'TEMPORARY VIEW'   ELSE NULL   END  END  WHEN false THEN CASE c.relkind  WHEN 'r' THEN 'TABLE'  WHEN 'p' THEN 'PARTITIONED TABLE'  WHEN 'i' THEN 'INDEX'  WHEN 'P' then 'PARTITIONED INDEX'  WHEN 'S' THEN 'SEQUENCE'  WHEN 'v' THEN 'VIEW'  WHEN 'c' THEN 'TYPE'  WHEN 'f' THEN 'FOREIGN TABLE'  WHEN 'm' THEN 'MATERIALIZED VIEW'  ELSE NULL  END  ELSE NULL  END  AS "TABLE_TYPE", d.description AS "REMARKS",  '' as "TYPE_CAT", '' as "TYPE_SCHEM", '' as "TYPE_NAME", '' AS "SELF_REFERENCING_COL_NAME", '' AS "REF_GENERATION"  FROM pg_catalog.pg_namespace n, pg_catalog.pg_class c  LEFT JOIN pg_catalog.pg_description d ON (c.oid = d.objoid AND d.objsubid = 0  and d.classoid = 'pg_class'::regclass)  WHERE c.relnamespace = n.oid  AND n.nspname LIKE $1 AND c.relname LIKE $2 AND (false  OR ( c.relkind = 'r' AND n.nspname !~ '^pg_' AND n.nspname <> 'information_schema' )  OR ( c.relkind = 'v' AND n.nspname <> 'pg_catalog' AND n.nspname <> 'information_schema' )  OR ( c.relkind = 'm' )  OR ( c.relkind = 'p' AND n.nspname !~ '^pg_' AND n.nspname <> 'information_schema' ) )  ORDER BY "TABLE_TYPE","TABLE_SCHEM","TABLE_NAME" ",oids={1043,1043})"}{"timestamp":"2026-05-24 23:30:49","level":"TRACE","logger":"org.postgresql.core.v3.QueryExecutorImpl","message":" FE=> Bind(stmt=null,portal=null,$1=<('public')>,type=VARCHAR,$2=<('%')>,type=VARCHAR)"}{"timestamp":"2026-05-24 23:30:49","level":"TRACE","logger":"org.postgresql.core.v3.QueryExecutorImpl","message":" FE=> Describe(portal=null)"}{"timestamp":"2026-05-24 23:30:49","level":"TRACE","logger":"org.postgresql.core.v3.QueryExecutorImpl","message":" FE=> Execute(portal=null,limit=0)"}{"timestamp":"2026-05-24 23:30:49","level":"TRACE","logger":"org.postgresql.core.v3.QueryExecutorImpl","message":" FE=> Sync"}{"timestamp":"2026-05-24 23:30:49","level":"TRACE","logger":"org.postgresql.core.v3.ConnectionFactoryImpl","message":" <=BE SSLRefused"}{"timestamp":"2026-05-24 23:30:49","level":"TRACE","logger":"org.postgresql.core.v3.ConnectionFactoryImpl","message":" FE=> StartupPacket(user=myuser, database=mydb, client_encoding=UTF8, DateStyle=ISO, TimeZone=UTC)"}{"timestamp":"2026-05-24 23:30:49","level":"TRACE","logger":"org.postgresql.core.v3.QueryExecutorImpl","message":" <=BE ParseComplete [null]"}{"timestamp":"2026-05-24 23:30:49","level":"TRACE","logger":"org.postgresql.core.v3.QueryExecutorImpl","message":" <=BE BindComplete [unnamed]"}{"timestamp":"2026-05-24 23:30:49","level":"TRACE","logger":"org.postgresql.core.v3.QueryExecutorImpl","message":" <=BE RowDescription(10)"}{"timestamp":"2026-05-24 23:30:49","level":"TRACE","logger":"org.postgresql.core.v3.QueryExecutorImpl","message":"        Field(TABLE_CAT,NAME,64,T)"}{"timestamp":"2026-05-24 23:30:49","level":"TRACE","logger":"org.postgresql.core.v3.QueryExecutorImpl","message":"        Field(TABLE_SCHEM,NAME,64,T)"}{"timestamp":"2026-05-24 23:30:49","level":"TRACE","logger":"org.postgresql.core.v3.QueryExecutorImpl","message":"        Field(TABLE_NAME,NAME,64,T)"}{"timestamp":"2026-05-24 23:30:49","level":"TRACE","logger":"org.postgresql.core.v3.QueryExecutorImpl","message":"        Field(TABLE_TYPE,TEXT,65535,T)"}{"timestamp":"2026-05-24 23:30:49","level":"TRACE","logger":"org.postgresql.core.v3.QueryExecutorImpl","message":"        Field(REMARKS,TEXT,65535,T)"}{"timestamp":"2026-05-24 23:30:49","level":"TRACE","logger":"org.postgresql.core.v3.QueryExecutorImpl","message":"        Field(TYPE_CAT,TEXT,65535,T)"}{"timestamp":"2026-05-24 23:30:49","level":"TRACE","logger":"org.postgresql.core.v3.QueryExecutorImpl","message":"        Field(TYPE_SCHEM,TEXT,65535,T)"}{"timestamp":"2026-05-24 23:30:49","level":"TRACE","logger":"org.postgresql.core.v3.QueryExecutorImpl","message":"        Field(TYPE_NAME,TEXT,65535,T)"}{"timestamp":"2026-05-24 23:30:49","level":"TRACE","logger":"org.postgresql.core.v3.QueryExecutorImpl","message":"        Field(SELF_REFERENCING_COL_NAME,TEXT,65535,T)"}{"timestamp":"2026-05-24 23:30:49","level":"TRACE","logger":"org.postgresql.core.v3.QueryExecutorImpl","message":"        Field(REF_GENERATION,TEXT,65535,T)"}{"timestamp":"2026-05-24 23:30:49","level":"TRACE","logger":"org.postgresql.core.v3.QueryExecutorImpl","message":" <=BE DataRow(len=24)"}{"timestamp":"2026-05-24 23:30:49","level":"TRACE","logger":"org.postgresql.core.v3.QueryExecutorImpl","message":" <=BE DataRow(len=23)"}{"timestamp":"2026-05-24 23:30:49","level":"TRACE","logger":"org.postgresql.core.v3.QueryExecutorImpl","message":" <=BE DataRow(len=19)"}{"timestamp":"2026-05-24 23:30:49","level":"TRACE","logger":"org.postgresql.core.v3.QueryExecutorImpl","message":" <=BE DataRow(len=20)"}{"timestamp":"2026-05-24 23:30:49","level":"TRACE","logger":"org.postgresql.core.v3.QueryExecutorImpl","message":" <=BE DataRow(len=20)"}{"timestamp":"2026-05-24 23:30:49","level":"TRACE","logger":"org.postgresql.core.v3.QueryExecutorImpl","message":" <=BE CommandStatus(SELECT 5)"}{"timestamp":"2026-05-24 23:30:49","level":"TRACE","logger":"org.postgresql.core.v3.QueryExecutorImpl","message":" <=BE ReadyForQuery(I)"}{"timestamp":"2026-05-24 23:30:49","level":"TRACE","logger":"org.postgresql.core.v3.ScramAuthenticator","message":"channelBinding( PREFER )"}{"timestamp":"2026-05-24 23:30:49","level":"TRACE","logger":"org.postgresql.core.v3.ScramAuthenticator","message":" <=BE AuthenticationSASL( [SCRAM-SHA-256] )"}{"timestamp":"2026-05-24 23:30:49","level":"TRACE","logger":"org.postgresql.jdbc.PgConnection","message":"  getString columnIndex: 1"}{"timestamp":"2026-05-24 23:30:49","level":"TRACE","logger":"org.postgresql.jdbc.PgConnection","message":"  getString columnIndex: 2"}{"timestamp":"2026-05-24 23:30:49","level":"TRACE","logger":"org.postgresql.jdbc.PgConnection","message":"  getString columnIndex: 3"}{"timestamp":"2026-05-24 23:30:49","level":"TRACE","logger":"org.postgresql.jdbc.PgConnection","message":"  getString columnIndex: 4"}{"timestamp":"2026-05-24 23:30:49","level":"TRACE","logger":"org.postgresql.jdbc.PgConnection","message":"  getString columnIndex: 5"}{"timestamp":"2026-05-24 23:30:49","level":"TRACE","logger":"org.postgresql.core.v3.ScramAuthenticator","message":" Using SCRAM mechanism: SCRAM-SHA-256"}{"timestamp":"2026-05-24 23:30:49","level":"TRACE","logger":"org.postgresql.jdbc.PgConnection","message":"  getString columnIndex: 1"}{"timestamp":"2026-05-24 23:30:49","level":"TRACE","logger":"org.postgresql.jdbc.PgConnection","message":"  getString columnIndex: 2"}{"timestamp":"2026-05-24 23:30:49","level":"TRACE","logger":"org.postgresql.core.v3.ScramAuthenticator","message":" FE=> SASLInitialResponse( n,,n=*,r=(SDrC`CVA8X8xHtZeg-*7b+) )"}{"timestamp":"2026-05-24 23:30:49","level":"TRACE","logger":"org.postgresql.jdbc.PgConnection","message":"  getString columnIndex: 3"}{"timestamp":"2026-05-24 23:30:49","level":"TRACE","logger":"org.postgresql.jdbc.PgConnection","message":"  getString columnIndex: 4"}{"timestamp":"2026-05-24 23:30:49","level":"TRACE","logger":"org.postgresql.jdbc.PgConnection","message":"  getString columnIndex: 5"}{"timestamp":"2026-05-24 23:30:49","level":"TRACE","logger":"org.postgresql.jdbc.PgConnection","message":"  getString columnIndex: 1"}{"timestamp":"2026-05-24 23:30:49","level":"TRACE","logger":"org.postgresql.jdbc.PgConnection","message":"  getString columnIndex: 2"}{"timestamp":"2026-05-24 23:30:49","level":"TRACE","logger":"org.postgresql.jdbc.PgConnection","message":"  getString columnIndex: 3"}{"timestamp":"2026-05-24 23:30:49","level":"TRACE","logger":"org.postgresql.jdbc.PgConnection","message":"  getString columnIndex: 4"}{"timestamp":"2026-05-24 23:30:49","level":"TRACE","logger":"org.postgresql.jdbc.PgConnection","message":"  getString columnIndex: 5"}{"timestamp":"2026-05-24 23:30:49","level":"TRACE","logger":"org.postgresql.jdbc.PgConnection","message":"  getString columnIndex: 1"}{"timestamp":"2026-05-24 23:30:49","level":"TRACE","logger":"org.postgresql.jdbc.PgConnection","message":"  getString columnIndex: 2"}{"timestamp":"2026-05-24 23:30:49","level":"TRACE","logger":"org.postgresql.jdbc.PgConnection","message":"  getString columnIndex: 3"}{"timestamp":"2026-05-24 23:30:49","level":"TRACE","logger":"org.postgresql.jdbc.PgConnection","message":"  getString columnIndex: 4"}{"timestamp":"2026-05-24 23:30:49","level":"TRACE","logger":"org.postgresql.jdbc.PgConnection","message":"  getString columnIndex: 5"}{"timestamp":"2026-05-24 23:30:49","level":"TRACE","logger":"org.postgresql.jdbc.PgConnection","message":"  getString columnIndex: 1"}{"timestamp":"2026-05-24 23:30:49","level":"TRACE","logger":"org.postgresql.jdbc.PgConnection","message":"  getString columnIndex: 2"}{"timestamp":"2026-05-24 23:30:49","level":"TRACE","logger":"org.postgresql.jdbc.PgConnection","message":"  getString columnIndex: 3"}{"timestamp":"2026-05-24 23:30:49","level":"TRACE","logger":"org.postgresql.jdbc.PgConnection","message":"  getString columnIndex: 4"}{"timestamp":"2026-05-24 23:30:49","level":"TRACE","logger":"org.postgresql.core.v3.ScramAuthenticator","message":" <=BE AuthenticationSASLContinue( r=(SDrC`CVA8X8xHtZeg-*7b+)dYrNwuPWEhB32VCxZcJxBetc,s=+p9cRb7xbCOO/G8WmFmMDA==,i=4096 )"}{"timestamp":"2026-05-24 23:30:49","level":"TRACE","logger":"org.postgresql.jdbc.PgConnection","message":"  getString columnIndex: 5"}{"timestamp":"2026-05-24 23:30:49","level":"TRACE","logger":"org.postgresql.core.v3.QueryExecutorImpl","message":"  simple execute, handler=org.postgresql.jdbc.PgStatement$StatementResultHandler@7d77742a, maxRows=0, fetchSize=0, flags=17"}{"timestamp":"2026-05-24 23:30:49","level":"TRACE","logger":"org.postgresql.core.v3.QueryExecutorImpl","message":" FE=> Parse(stmt=null,query="SELECT * FROM (SELECT current_database() AS current_database, n.nspname,c.relname,a.attname,a.atttypid,a.attnotnull  OR (t.typtype = 'd' AND t.typnotnull) AS attnotnull,a.atttypmod,a.attlen,t.typtypmod,row_number() OVER (PARTITION BY a.attrelid ORDER BY a.attnum) AS attnum, nullif(a.attidentity, '') as attidentity,nullif(a.attgenerated, '') as attgenerated,pg_catalog.pg_get_expr(def.adbin, def.adrelid) AS adsrc,dsc.description,t.typbasetype,t.typtype  FROM pg_catalog.pg_namespace n  JOIN pg_catalog.pg_class c ON (c.relnamespace = n.oid)  JOIN pg_catalog.pg_attribute a ON (a.attrelid=c.oid)  JOIN pg_catalog.pg_type t ON (a.atttypid = t.oid)  LEFT JOIN pg_catalog.pg_attrdef def ON (a.attrelid=def.adrelid AND a.attnum = def.adnum)  LEFT JOIN pg_catalog.pg_description dsc ON (c.oid=dsc.objoid AND a.attnum = dsc.objsubid)  LEFT JOIN pg_catalog.pg_class dc ON (dc.oid=dsc.classoid AND dc.relname='pg_class')  LEFT JOIN pg_catalog.pg_namespace dn ON (dc.relnamespace=dn.oid AND dn.nspname='pg_catalog')  WHERE c.relkind in ('r','p','v','f','m') and a.attnum > 0 AND NOT a.attisdropped  AND n.nspname LIKE $1) c WHERE true  AND attname LIKE $2 ORDER BY nspname,c.relname,attnum ",oids={1043,1043})"}{"timestamp":"2026-05-24 23:30:49","level":"TRACE","logger":"org.postgresql.core.v3.QueryExecutorImpl","message":" FE=> Bind(stmt=null,portal=null,$1=<('public')>,type=VARCHAR,$2=<('%')>,type=VARCHAR)"}{"timestamp":"2026-05-24 23:30:49","level":"TRACE","logger":"org.postgresql.core.v3.QueryExecutorImpl","message":" FE=> Describe(portal=null)"}{"timestamp":"2026-05-24 23:30:49","level":"TRACE","logger":"org.postgresql.core.v3.QueryExecutorImpl","message":" FE=> Execute(portal=null,limit=0)"}{"timestamp":"2026-05-24 23:30:49","level":"TRACE","logger":"org.postgresql.core.v3.QueryExecutorImpl","message":" FE=> Sync"}{"timestamp":"2026-05-24 23:30:49","level":"TRACE","logger":"org.postgresql.core.v3.ScramAuthenticator","message":" FE=> SASLResponse( c=biws,r=(SDrC`CVA8X8xHtZeg-*7b+)dYrNwuPWEhB32VCxZcJxBetc,p=TwvPSHyXFN/4VJ60Hps66WkJPnhfCRcif/rG786Rc1k= )"}{"timestamp":"2026-05-24 23:30:49","level":"TRACE","logger":"org.postgresql.core.v3.QueryExecutorImpl","message":" <=BE ParseComplete [null]"}{"timestamp":"2026-05-24 23:30:49","level":"TRACE","logger":"org.postgresql.core.v3.QueryExecutorImpl","message":" <=BE BindComplete [unnamed]"}{"timestamp":"2026-05-24 23:30:49","level":"TRACE","logger":"org.postgresql.core.v3.QueryExecutorImpl","message":" <=BE RowDescription(16)"}{"timestamp":"2026-05-24 23:30:49","level":"TRACE","logger":"org.postgresql.core.v3.QueryExecutorImpl","message":"        Field(current_database,NAME,64,T)"}{"timestamp":"2026-05-24 23:30:49","level":"TRACE","logger":"org.postgresql.core.v3.QueryExecutorImpl","message":"        Field(nspname,NAME,64,T)"}{"timestamp":"2026-05-24 23:30:49","level":"TRACE","logger":"org.postgresql.core.v3.QueryExecutorImpl","message":"        Field(relname,NAME,64,T)"}{"timestamp":"2026-05-24 23:30:49","level":"TRACE","logger":"org.postgresql.core.v3.QueryExecutorImpl","message":"        Field(attname,NAME,64,T)"}{"timestamp":"2026-05-24 23:30:49","level":"TRACE","logger":"org.postgresql.core.v3.QueryExecutorImpl","message":"        Field(atttypid,OID,4,T)"}{"timestamp":"2026-05-24 23:30:49","level":"TRACE","logger":"org.postgresql.core.v3.QueryExecutorImpl","message":"        Field(attnotnull,BOOL,1,T)"}{"timestamp":"2026-05-24 23:30:49","level":"TRACE","logger":"org.postgresql.core.v3.QueryExecutorImpl","message":"        Field(atttypmod,INT4,4,T)"}{"timestamp":"2026-05-24 23:30:49","level":"TRACE","logger":"org.postgresql.core.v3.QueryExecutorImpl","message":"        Field(attlen,INT2,2,T)"}{"timestamp":"2026-05-24 23:30:49","level":"TRACE","logger":"org.postgresql.core.v3.QueryExecutorImpl","message":"        Field(typtypmod,INT4,4,T)"}{"timestamp":"2026-05-24 23:30:49","level":"TRACE","logger":"org.postgresql.core.v3.QueryExecutorImpl","message":"        Field(attnum,INT8,8,T)"}{"timestamp":"2026-05-24 23:30:49","level":"TRACE","logger":"org.postgresql.core.v3.QueryExecutorImpl","message":"        Field(attidentity,CHAR,1,T)"}{"timestamp":"2026-05-24 23:30:49","level":"TRACE","logger":"org.postgresql.core.v3.QueryExecutorImpl","message":"        Field(attgenerated,CHAR,1,T)"}{"timestamp":"2026-05-24 23:30:49","level":"TRACE","logger":"org.postgresql.core.v3.QueryExecutorImpl","message":"        Field(adsrc,TEXT,65535,T)"}{"timestamp":"2026-05-24 23:30:49","level":"TRACE","logger":"org.postgresql.core.v3.QueryExecutorImpl","message":"        Field(description,TEXT,65535,T)"}{"timestamp":"2026-05-24 23:30:49","level":"TRACE","logger":"org.postgresql.core.v3.QueryExecutorImpl","message":"        Field(typbasetype,OID,4,T)"}{"timestamp":"2026-05-24 23:30:49","level":"TRACE","logger":"org.postgresql.core.v3.QueryExecutorImpl","message":"        Field(typtype,CHAR,1,T)"}{"timestamp":"2026-05-24 23:30:49","level":"TRACE","logger":"org.postgresql.core.v3.QueryExecutorImpl","message":" <=BE DataRow(len=39)"}{"timestamp":"2026-05-24 23:30:49","level":"TRACE","logger":"org.postgresql.core.v3.QueryExecutorImpl","message":" <=BE DataRow(len=37)"}{"timestamp":"2026-05-24 23:30:49","level":"TRACE","logger":"org.postgresql.core.v3.QueryExecutorImpl","message":" <=BE DataRow(len=43)"}{"timestamp":"2026-05-24 23:30:49","level":"TRACE","logger":"org.postgresql.core.v3.QueryExecutorImpl","message":" <=BE DataRow(len=41)"}{"timestamp":"2026-05-24 23:30:49","level":"TRACE","logger":"org.postgresql.core.v3.QueryExecutorImpl","message":" <=BE DataRow(len=33)"}{"timestamp":"2026-05-24 23:30:49","level":"TRACE","logger":"org.postgresql.core.v3.QueryExecutorImpl","message":" <=BE DataRow(len=41)"}{"timestamp":"2026-05-24 23:30:49","level":"TRACE","logger":"org.postgresql.core.v3.QueryExecutorImpl","message":" <=BE DataRow(len=43)"}{"timestamp":"2026-05-24 23:30:49","level":"TRACE","logger":"org.postgresql.core.v3.QueryExecutorImpl","message":" <=BE DataRow(len=43)"}{"timestamp":"2026-05-24 23:30:49","level":"TRACE","logger":"org.postgresql.core.v3.QueryExecutorImpl","message":" <=BE DataRow(len=37)"}{"timestamp":"2026-05-24 23:30:49","level":"TRACE","logger":"org.postgresql.core.v3.QueryExecutorImpl","message":" <=BE DataRow(len=43)"}{"timestamp":"2026-05-24 23:30:49","level":"TRACE","logger":"org.postgresql.core.v3.QueryExecutorImpl","message":" <=BE DataRow(len=39)"}{"timestamp":"2026-05-24 23:30:49","level":"TRACE","logger":"org.postgresql.core.v3.QueryExecutorImpl","message":" <=BE DataRow(len=42)"}{"timestamp":"2026-05-24 23:30:49","level":"TRACE","logger":"org.postgresql.core.v3.QueryExecutorImpl","message":" <=BE DataRow(len=45)"}{"timestamp":"2026-05-24 23:30:49","level":"TRACE","logger":"org.postgresql.core.v3.QueryExecutorImpl","message":" <=BE DataRow(len=43)"}{"timestamp":"2026-05-24 23:30:49","level":"TRACE","logger":"org.postgresql.core.v3.QueryExecutorImpl","message":" <=BE DataRow(len=39)"}{"timestamp":"2026-05-24 23:30:49","level":"TRACE","logger":"org.postgresql.core.v3.QueryExecutorImpl","message":" <=BE DataRow(len=40)"}{"timestamp":"2026-05-24 23:30:49","level":"TRACE","logger":"org.postgresql.core.v3.QueryExecutorImpl","message":" <=BE DataRow(len=32)"}{"timestamp":"2026-05-24 23:30:49","level":"TRACE","logger":"org.postgresql.core.v3.QueryExecutorImpl","message":" <=BE DataRow(len=40)"}{"timestamp":"2026-05-24 23:30:49","level":"TRACE","logger":"org.postgresql.core.v3.QueryExecutorImpl","message":" <=BE DataRow(len=42)"}{"timestamp":"2026-05-24 23:30:49","level":"TRACE","logger":"org.postgresql.core.v3.QueryExecutorImpl","message":" <=BE DataRow(len=62)"}{"timestamp":"2026-05-24 23:30:49","level":"TRACE","logger":"org.postgresql.core.v3.QueryExecutorImpl","message":" <=BE DataRow(len=42)"}{"timestamp":"2026-05-24 23:30:49","level":"TRACE","logger":"org.postgresql.core.v3.QueryExecutorImpl","message":" <=BE DataRow(len=41)"}{"timestamp":"2026-05-24 23:30:49","level":"TRACE","logger":"org.postgresql.core.v3.QueryExecutorImpl","message":" <=BE DataRow(len=38)"}{"timestamp":"2026-05-24 23:30:49","level":"TRACE","logger":"org.postgresql.core.v3.QueryExecutorImpl","message":" <=BE DataRow(len=37)"}{"timestamp":"2026-05-24 23:30:49","level":"TRACE","logger":"org.postgresql.core.v3.QueryExecutorImpl","message":" <=BE DataRow(len=41)"}{"timestamp":"2026-05-24 23:30:49","level":"TRACE","logger":"org.postgresql.core.v3.QueryExecutorImpl","message":" <=BE DataRow(len=37)"}{"timestamp":"2026-05-24 23:30:49","level":"TRACE","logger":"org.postgresql.core.v3.QueryExecutorImpl","message":" <=BE DataRow(len=28)"}{"timestamp":"2026-05-24 23:30:49","level":"TRACE","logger":"org.postgresql.core.v3.QueryExecutorImpl","message":" <=BE DataRow(len=34)"}{"timestamp":"2026-05-24 23:30:49","level":"TRACE","logger":"org.postgresql.core.v3.QueryExecutorImpl","message":" <=BE DataRow(len=35)"}{"timestamp":"2026-05-24 23:30:49","level":"TRACE","logger":"org.postgresql.core.v3.QueryExecutorImpl","message":" <=BE DataRow(len=37)"}{"timestamp":"2026-05-24 23:30:49","level":"TRACE","logger":"org.postgresql.core.v3.QueryExecutorImpl","message":" <=BE DataRow(len=37)"}{"timestamp":"2026-05-24 23:30:49","level":"TRACE","logger":"org.postgresql.core.v3.QueryExecutorImpl","message":" <=BE DataRow(len=36)"}{"timestamp":"2026-05-24 23:30:49","level":"TRACE","logger":"org.postgresql.core.v3.QueryExecutorImpl","message":" <=BE DataRow(len=37)"}{"timestamp":"2026-05-24 23:30:49","level":"TRACE","logger":"org.postgresql.core.v3.QueryExecutorImpl","message":" <=BE DataRow(len=44)"}{"timestamp":"2026-05-24 23:30:49","level":"TRACE","logger":"org.postgresql.core.v3.QueryExecutorImpl","message":" <=BE DataRow(len=42)"}{"timestamp":"2026-05-24 23:30:49","level":"TRACE","logger":"org.postgresql.core.v3.QueryExecutorImpl","message":" <=BE DataRow(len=43)"}{"timestamp":"2026-05-24 23:30:49","level":"TRACE","logger":"org.postgresql.core.v3.QueryExecutorImpl","message":" <=BE DataRow(len=68)"}{"timestamp":"2026-05-24 23:30:49","level":"TRACE","logger":"org.postgresql.core.v3.QueryExecutorImpl","message":" <=BE DataRow(len=67)"}{"timestamp":"2026-05-24 23:30:49","level":"TRACE","logger":"org.postgresql.core.v3.QueryExecutorImpl","message":" <=BE DataRow(len=38)"}{"timestamp":"2026-05-24 23:30:49","level":"TRACE","logger":"org.postgresql.core.v3.QueryExecutorImpl","message":" <=BE DataRow(len=39)"}{"timestamp":"2026-05-24 23:30:49","level":"TRACE","logger":"org.postgresql.core.v3.QueryExecutorImpl","message":" <=BE DataRow(len=35)"}{"timestamp":"2026-05-24 23:30:49","level":"TRACE","logger":"org.postgresql.core.v3.QueryExecutorImpl","message":" <=BE DataRow(len=56)"}{"timestamp":"2026-05-24 23:30:49","level":"TRACE","logger":"org.postgresql.core.v3.QueryExecutorImpl","message":" <=BE DataRow(len=48)"}{"timestamp":"2026-05-24 23:30:49","level":"TRACE","logger":"org.postgresql.core.v3.QueryExecutorImpl","message":" <=BE DataRow(len=45)"}{"timestamp":"2026-05-24 23:30:49","level":"TRACE","logger":"org.postgresql.core.v3.QueryExecutorImpl","message":" <=BE DataRow(len=39)"}{"timestamp":"2026-05-24 23:30:49","level":"TRACE","logger":"org.postgresql.core.v3.QueryExecutorImpl","message":" <=BE DataRow(len=37)"}{"timestamp":"2026-05-24 23:30:49","level":"TRACE","logger":"org.postgresql.core.v3.QueryExecutorImpl","message":" <=BE DataRow(len=37)"}{"timestamp":"2026-05-24 23:30:49","level":"TRACE","logger":"org.postgresql.core.v3.QueryExecutorImpl","message":" <=BE DataRow(len=62)"}{"timestamp":"2026-05-24 23:30:49","level":"TRACE","logger":"org.postgresql.core.v3.QueryExecutorImpl","message":" <=BE DataRow(len=55)"}{"timestamp":"2026-05-24 23:30:49","level":"TRACE","logger":"org.postgresql.core.v3.QueryExecutorImpl","message":" <=BE DataRow(len=39)"}{"timestamp":"2026-05-24 23:30:49","level":"TRACE","logger":"org.postgresql.core.v3.QueryExecutorImpl","message":" <=BE DataRow(len=38)"}{"timestamp":"2026-05-24 23:30:49","level":"TRACE","logger":"org.postgresql.core.v3.QueryExecutorImpl","message":" <=BE DataRow(len=62)"}{"timestamp":"2026-05-24 23:30:49","level":"TRACE","logger":"org.postgresql.core.v3.QueryExecutorImpl","message":" <=BE DataRow(len=29)"}{"timestamp":"2026-05-24 23:30:49","level":"TRACE","logger":"org.postgresql.core.v3.QueryExecutorImpl","message":" <=BE DataRow(len=37)"}{"timestamp":"2026-05-24 23:30:49","level":"TRACE","logger":"org.postgresql.core.v3.QueryExecutorImpl","message":" <=BE DataRow(len=39)"}{"timestamp":"2026-05-24 23:30:49","level":"TRACE","logger":"org.postgresql.core.v3.QueryExecutorImpl","message":" <=BE DataRow(len=37)"}{"timestamp":"2026-05-24 23:30:49","level":"TRACE","logger":"org.postgresql.core.v3.QueryExecutorImpl","message":" <=BE DataRow(len=39)"}{"timestamp":"2026-05-24 23:30:49","level":"TRACE","logger":"org.postgresql.core.v3.QueryExecutorImpl","message":" <=BE DataRow(len=33)"}{"timestamp":"2026-05-24 23:30:49","level":"TRACE","logger":"org.postgresql.core.v3.QueryExecutorImpl","message":" <=BE DataRow(len=29)"}{"timestamp":"2026-05-24 23:30:49","level":"TRACE","logger":"org.postgresql.core.v3.QueryExecutorImpl","message":" <=BE DataRow(len=37)"}{"timestamp":"2026-05-24 23:30:49","level":"TRACE","logger":"org.postgresql.core.v3.QueryExecutorImpl","message":" <=BE DataRow(len=39)"}{"timestamp":"2026-05-24 23:30:49","level":"TRACE","logger":"org.postgresql.core.v3.QueryExecutorImpl","message":" <=BE DataRow(len=37)"}{"timestamp":"2026-05-24 23:30:49","level":"TRACE","logger":"org.postgresql.core.v3.QueryExecutorImpl","message":" <=BE DataRow(len=39)"}{"timestamp":"2026-05-24 23:30:49","level":"TRACE","logger":"org.postgresql.core.v3.QueryExecutorImpl","message":" <=BE DataRow(len=35)"}{"timestamp":"2026-05-24 23:30:49","level":"TRACE","logger":"org.postgresql.core.v3.QueryExecutorImpl","message":" <=BE DataRow(len=42)"}{"timestamp":"2026-05-24 23:30:49","level":"TRACE","logger":"org.postgresql.core.v3.QueryExecutorImpl","message":" <=BE DataRow(len=34)"}{"timestamp":"2026-05-24 23:30:49","level":"TRACE","logger":"org.postgresql.core.v3.QueryExecutorImpl","message":" <=BE DataRow(len=43)"}{"timestamp":"2026-05-24 23:30:49","level":"TRACE","logger":"org.postgresql.core.v3.QueryExecutorImpl","message":" <=BE DataRow(len=37)"}{"timestamp":"2026-05-24 23:30:49","level":"TRACE","logger":"org.postgresql.core.v3.QueryExecutorImpl","message":" <=BE DataRow(len=34)"}{"timestamp":"2026-05-24 23:30:49","level":"TRACE","logger":"org.postgresql.core.v3.QueryExecutorImpl","message":" <=BE CommandStatus(SELECT 69)"}{"timestamp":"2026-05-24 23:30:49","level":"TRACE","logger":"org.postgresql.core.v3.QueryExecutorImpl","message":" <=BE ReadyForQuery(I)"}{"timestamp":"2026-05-24 23:30:49","level":"TRACE","logger":"org.postgresql.jdbc.PgConnection","message":"  getLong columnIndex: 5"}{"timestamp":"2026-05-24 23:30:49","level":"TRACE","logger":"org.postgresql.jdbc.PgConnection","message":"  getInt columnIndex: 7"}{"timestamp":"2026-05-24 23:30:49","level":"TRACE","logger":"org.postgresql.jdbc.PgConnection","message":"  getBytes columnIndex: 2"}{"timestamp":"2026-05-24 23:30:49","level":"TRACE","logger":"org.postgresql.jdbc.PgConnection","message":"  getBytes columnIndex: 3"}{"timestamp":"2026-05-24 23:30:49","level":"TRACE","logger":"org.postgresql.jdbc.PgConnection","message":"  getBytes columnIndex: 4"}{"timestamp":"2026-05-24 23:30:49","level":"TRACE","logger":"org.postgresql.jdbc.PgConnection","message":"  getString columnIndex: 16"}{"timestamp":"2026-05-24 23:30:49","level":"TRACE","logger":"org.postgresql.jdbc.PgConnection","message":"  getString columnIndex: 13"}{"timestamp":"2026-05-24 23:30:49","level":"TRACE","logger":"org.postgresql.jdbc.PgConnection","message":"  getString columnIndex: 11"}{"timestamp":"2026-05-24 23:30:49","level":"TRACE","logger":"org.postgresql.jdbc.PgConnection","message":"  getString columnIndex: 12"}{"timestamp":"2026-05-24 23:30:49","level":"TRACE","logger":"org.postgresql.jdbc.PgConnection","message":"  getLong columnIndex: 15"}{"timestamp":"2026-05-24 23:30:49","level":"TRACE","logger":"org.postgresql.jdbc.PgConnection","message":"  getBoolean columnIndex: 6"}{"timestamp":"2026-05-24 23:30:49","level":"TRACE","logger":"org.postgresql.jdbc.PgConnection","message":"  getBytes columnIndex: 14"}{"timestamp":"2026-05-24 23:30:49","level":"TRACE","logger":"org.postgresql.jdbc.PgConnection","message":"  getBytes columnIndex: 13"}{"timestamp":"2026-05-24 23:30:49","level":"TRACE","logger":"org.postgresql.jdbc.PgConnection","message":"  getInt columnIndex: 10"}{"timestamp":"2026-05-24 23:30:49","level":"TRACE","logger":"org.postgresql.jdbc.PgConnection","message":"  getBoolean columnIndex: 6"}{"timestamp":"2026-05-24 23:30:49","level":"TRACE","logger":"org.postgresql.jdbc.PgConnection","message":"  getLong columnIndex: 5"}{"timestamp":"2026-05-24 23:30:49","level":"TRACE","logger":"org.postgresql.jdbc.PgConnection","message":"  getInt columnIndex: 7"}{"timestamp":"2026-05-24 23:30:49","level":"TRACE","logger":"org.postgresql.jdbc.PgConnection","message":"  getBytes columnIndex: 2"}{"timestamp":"2026-05-24 23:30:49","level":"TRACE","logger":"org.postgresql.jdbc.PgConnection","message":"  getBytes columnIndex: 3"}{"timestamp":"2026-05-24 23:30:49","level":"TRACE","logger":"org.postgresql.jdbc.PgConnection","message":"  getBytes columnIndex: 4"}{"timestamp":"2026-05-24 23:30:49","level":"TRACE","logger":"org.postgresql.jdbc.PgConnection","message":"  getString columnIndex: 16"}{"timestamp":"2026-05-24 23:30:49","level":"TRACE","logger":"org.postgresql.jdbc.PgConnection","message":"  getString columnIndex: 13"}{"timestamp":"2026-05-24 23:30:49","level":"TRACE","logger":"org.postgresql.jdbc.PgConnection","message":"  getString columnIndex: 11"}{"timestamp":"2026-05-24 23:30:49","level":"TRACE","logger":"org.postgresql.jdbc.PgConnection","message":"  getString columnIndex: 12"}{"timestamp":"2026-05-24 23:30:49","level":"TRACE","logger":"org.postgresql.jdbc.PgConnection","message":"  getLong columnIndex: 15"}{"timestamp":"2026-05-24 23:30:49","level":"TRACE","logger":"org.postgresql.jdbc.PgConnection","message":"  getBoolean columnIndex: 6"}{"timestamp":"2026-05-24 23:30:49","level":"TRACE","logger":"org.postgresql.jdbc.PgConnection","message":"  getBytes columnIndex: 14"}{"timestamp":"2026-05-24 23:30:49","level":"TRACE","logger":"org.postgresql.jdbc.PgConnection","message":"  getBytes columnIndex: 13"}{"timestamp":"2026-05-24 23:30:49","level":"TRACE","logger":"org.postgresql.jdbc.PgConnection","message":"  getInt columnIndex: 10"}{"timestamp":"2026-05-24 23:30:49","level":"TRACE","logger":"org.postgresql.jdbc.PgConnection","message":"  getBoolean columnIndex: 6"}{"timestamp":"2026-05-24 23:30:49","level":"TRACE","logger":"org.postgresql.jdbc.PgConnection","message":"  getLong columnIndex: 5"}{"timestamp":"2026-05-24 23:30:49","level":"TRACE","logger":"org.postgresql.jdbc.PgConnection","message":"  getInt columnIndex: 7"}{"timestamp":"2026-05-24 23:30:49","level":"TRACE","logger":"org.postgresql.jdbc.PgConnection","message":"  getBytes columnIndex: 2"}{"timestamp":"2026-05-24 23:30:49","level":"TRACE","logger":"org.postgresql.jdbc.PgConnection","message":"  getBytes columnIndex: 3"}{"timestamp":"2026-05-24 23:30:49","level":"TRACE","logger":"org.postgresql.jdbc.PgConnection","message":"  getBytes columnIndex: 4"}{"timestamp":"2026-05-24 23:30:49","level":"TRACE","logger":"org.postgresql.jdbc.PgConnection","message":"  getString columnIndex: 16"}{"timestamp":"2026-05-24 23:30:49","level":"TRACE","logger":"org.postgresql.jdbc.PgConnection","message":"  getString columnIndex: 13"}{"timestamp":"2026-05-24 23:30:49","level":"TRACE","logger":"org.postgresql.jdbc.PgConnection","message":"  getString columnIndex: 11"}{"timestamp":"2026-05-24 23:30:49","level":"TRACE","logger":"org.postgresql.jdbc.PgConnection","message":"  getString columnIndex: 12"}{"timestamp":"2026-05-24 23:30:49","level":"TRACE","logger":"org.postgresql.jdbc.PgConnection","message":"  getLong columnIndex: 15"}{"timestamp":"2026-05-24 23:30:49","level":"TRACE","logger":"org.postgresql.jdbc.PgConnection","message":"  getBoolean columnIndex: 6"}{"timestamp":"2026-05-24 23:30:49","level":"TRACE","logger":"org.postgresql.jdbc.PgConnection","message":"  getBytes columnIndex: 14"}{"timestamp":"2026-05-24 23:30:49","level":"TRACE","logger":"org.postgresql.jdbc.PgConnection","message":"  getBytes columnIndex: 13"}{"timestamp":"2026-05-24 23:30:49","level":"TRACE","logger":"org.postgresql.jdbc.PgConnection","message":"  getInt columnIndex: 10"}{"timestamp":"2026-05-24 23:30:49","level":"TRACE","logger":"org.postgresql.jdbc.PgConnection","message":"  getBoolean columnIndex: 6"}{"timestamp":"2026-05-24 23:30:49","level":"TRACE","logger":"org.postgresql.jdbc.PgConnection","message":"  getLong columnIndex: 5"}{"timestamp":"2026-05-24 23:30:49","level":"TRACE","logger":"org.postgresql.jdbc.PgConnection","message":"  getInt columnIndex: 7"}{"timestamp":"2026-05-24 23:30:49","level":"TRACE","logger":"org.postgresql.jdbc.PgConnection","message":"  getBytes columnIndex: 2"}{"timestamp":"2026-05-24 23:30:49","level":"TRACE","logger":"org.postgresql.jdbc.PgConnection","message":"  getBytes columnIndex: 3"}{"timestamp":"2026-05-24 23:30:49","level":"TRACE","logger":"org.postgresql.jdbc.PgConnection","message":"  getBytes columnIndex: 4"}{"timestamp":"2026-05-24 23:30:49","level":"TRACE","logger":"org.postgresql.jdbc.PgConnection","message":"  getString columnIndex: 16"}{"timestamp":"2026-05-24 23:30:49","level":"TRACE","logger":"org.postgresql.jdbc.PgConnection","message":"  getString columnIndex: 13"}{"timestamp":"2026-05-24 23:30:49","level":"TRACE","logger":"org.postgresql.jdbc.PgConnection","message":"  getString columnIndex: 11"}{"timestamp":"2026-05-24 23:30:49","level":"TRACE","logger":"org.postgresql.jdbc.PgConnection","message":"  getString columnIndex: 12"}{"timestamp":"2026-05-24 23:30:49","level":"TRACE","logger":"org.postgresql.jdbc.PgConnection","message":"  getLong columnIndex: 15"}{"timestamp":"2026-05-24 23:30:49","level":"TRACE","logger":"org.postgresql.jdbc.PgConnection","message":"  getBoolean columnIndex: 6"}{"timestamp":"2026-05-24 23:30:49","level":"TRACE","logger":"org.postgresql.jdbc.PgConnection","message":"  getBytes columnIndex: 14"}{"timestamp":"2026-05-24 23:30:49","level":"TRACE","logger":"org.postgresql.jdbc.PgConnection","message":"  getBytes columnIndex: 13"}{"timestamp":"2026-05-24 23:30:49","level":"TRACE","logger":"org.postgresql.jdbc.PgConnection","message":"  getInt columnIndex: 10"}{"timestamp":"2026-05-24 23:30:49","level":"TRACE","logger":"org.postgresql.jdbc.PgConnection","message":"  getBoolean columnIndex: 6"}{"timestamp":"2026-05-24 23:30:49","level":"TRACE","logger":"org.postgresql.jdbc.PgConnection","message":"  getLong columnIndex: 5"}{"timestamp":"2026-05-24 23:30:49","level":"TRACE","logger":"org.postgresql.jdbc.PgConnection","message":"  getInt columnIndex: 7"}{"timestamp":"2026-05-24 23:30:49","level":"TRACE","logger":"org.postgresql.jdbc.PgConnection","message":"  getBytes columnIndex: 2"}{"timestamp":"2026-05-24 23:30:49","level":"TRACE","logger":"org.postgresql.jdbc.PgConnection","message":"  getBytes columnIndex: 3"}{"timestamp":"2026-05-24 23:30:49","level":"TRACE","logger":"org.postgresql.jdbc.PgConnection","message":"  getBytes columnIndex: 4"}{"timestamp":"2026-05-24 23:30:49","level":"TRACE","logger":"org.postgresql.jdbc.PgConnection","message":"  getString columnIndex: 16"}{"timestamp":"2026-05-24 23:30:49","level":"TRACE","logger":"org.postgresql.jdbc.PgConnection","message":"  getString columnIndex: 13"}{"timestamp":"2026-05-24 23:30:49","level":"TRACE","logger":"org.postgresql.jdbc.PgConnection","message":"  getString columnIndex: 11"}{"timestamp":"2026-05-24 23:30:49","level":"TRACE","logger":"org.postgresql.jdbc.PgConnection","message":"  getString columnIndex: 12"}{"timestamp":"2026-05-24 23:30:49","level":"TRACE","logger":"org.postgresql.jdbc.PgConnection","message":"  getLong columnIndex: 15"}{"timestamp":"2026-05-24 23:30:49","level":"TRACE","logger":"org.postgresql.jdbc.PgConnection","message":"  getBoolean columnIndex: 6"}{"timestamp":"2026-05-24 23:30:49","level":"TRACE","logger":"org.postgresql.jdbc.PgConnection","message":"  getBytes columnIndex: 14"}{"timestamp":"2026-05-24 23:30:49","level":"TRACE","logger":"org.postgresql.jdbc.PgConnection","message":"  getBytes columnIndex: 13"}{"timestamp":"2026-05-24 23:30:49","level":"TRACE","logger":"org.postgresql.jdbc.PgConnection","message":"  getInt columnIndex: 10"}{"timestamp":"2026-05-24 23:30:49","level":"TRACE","logger":"org.postgresql.jdbc.PgConnection","message":"  getBoolean columnIndex: 6"}{"timestamp":"2026-05-24 23:30:49","level":"TRACE","logger":"org.postgresql.jdbc.PgConnection","message":"  getLong columnIndex: 5"}{"timestamp":"2026-05-24 23:30:49","level":"TRACE","logger":"org.postgresql.jdbc.PgConnection","message":"  getInt columnIndex: 7"}{"timestamp":"2026-05-24 23:30:49","level":"TRACE","logger":"org.postgresql.jdbc.PgConnection","message":"  getBytes columnIndex: 2"}{"timestamp":"2026-05-24 23:30:49","level":"TRACE","logger":"org.postgresql.jdbc.PgConnection","message":"  getBytes columnIndex: 3"}{"timestamp":"2026-05-24 23:30:49","level":"TRACE","logger":"org.postgresql.jdbc.PgConnection","message":"  getBytes columnIndex: 4"}{"timestamp":"2026-05-24 23:30:49","level":"TRACE","logger":"org.postgresql.jdbc.PgConnection","message":"  getString columnIndex: 16"}{"timestamp":"2026-05-24 23:30:49","level":"TRACE","logger":"org.postgresql.jdbc.PgConnection","message":"  getString columnIndex: 13"}{"timestamp":"2026-05-24 23:30:49","level":"TRACE","logger":"org.postgresql.jdbc.PgConnection","message":"  getString columnIndex: 11"}