{"timestamp":"2026-05-29 01:02:49","level":"INFO","logger":"com.sp.jobportal.Application","message":"Starting Application using Java 21.0.8 with PID 16432 (D:\JAVA\UDemy\Spring7-SpringBoot4\Section14\jobportal14\target\classes started by abcd in D:\JAVA\UDemy\Spring7-SpringBoot4\Section14\jobportal14)"}{"timestamp":"2026-05-29 01:02:49","level":"DEBUG","logger":"com.sp.jobportal.Application","message":"Running with Spring Boot v4.0.5, Spring v7.0.6"}{"timestamp":"2026-05-29 01:02:49","level":"INFO","logger":"com.sp.jobportal.Application","message":"No active profile set, falling back to 1 default profile: "default""}{"timestamp":"2026-05-29 01:02:49","level":"INFO","logger":"org.springframework.boot.devtools.env.DevToolsPropertyDefaultsPostProcessor","message":"Devtools property defaults active! Set 'spring.devtools.add-properties' to 'false' to disable"}{"timestamp":"2026-05-29 01:02:49","level":"INFO","logger":"org.springframework.boot.devtools.env.DevToolsPropertyDefaultsPostProcessor","message":"For additional web related logging consider setting the 'logging.level.web' property to 'DEBUG'"}{"timestamp":"2026-05-29 01:02:49","level":"INFO","logger":"org.springframework.boot.docker.compose.lifecycle.DockerComposeLifecycleManager","message":"Using Docker Compose file D:\JAVA\UDemy\Spring7-SpringBoot4\Section14\jobportal14\compose.yml"}{"timestamp":"2026-05-29 01:02:51","level":"INFO","logger":"org.hibernate.validator.internal.util.Version","message":"HV000001: Hibernate Validator 9.0.1.Final"}{"timestamp":"2026-05-29 01:02:52","level":"INFO","logger":"org.springframework.boot.docker.compose.lifecycle.DockerComposeLifecycleManager","message":"There are already Docker Compose services running, skipping startup"}{"timestamp":"2026-05-29 01:02:53","level":"INFO","logger":"org.springframework.data.repository.config.RepositoryConfigurationDelegate","message":"Bootstrapping Spring Data JPA repositories in DEFAULT mode."}{"timestamp":"2026-05-29 01:02:53","level":"INFO","logger":"org.springframework.data.repository.config.RepositoryConfigurationDelegate","message":"Finished Spring Data repository scanning in 88 ms. Found 4 JPA repository interfaces."}{"timestamp":"2026-05-29 01:02:54","level":"INFO","logger":"org.springframework.boot.tomcat.TomcatWebServer","message":"Tomcat initialized with port 8080 (http)"}{"timestamp":"2026-05-29 01:02:54","level":"INFO","logger":"org.apache.coyote.http11.Http11NioProtocol","message":"Initializing ProtocolHandler ["http-nio-8080"]"}{"timestamp":"2026-05-29 01:02:54","level":"INFO","logger":"org.apache.catalina.core.StandardService","message":"Starting service [Tomcat]"}{"timestamp":"2026-05-29 01:02:54","level":"INFO","logger":"org.apache.catalina.core.StandardEngine","message":"Starting Servlet engine: [Apache Tomcat/11.0.20]"}{"timestamp":"2026-05-29 01:02:54","level":"INFO","logger":"org.springframework.boot.web.context.servlet.WebApplicationContextInitializer","message":"Root WebApplicationContext: initialization completed in 2358 ms"}{"timestamp":"2026-05-29 01:02:54","level":"INFO","logger":"org.hibernate.orm.jpa","message":"HHH008540: Processing PersistenceUnitInfo [name: default]"}{"timestamp":"2026-05-29 01:02:54","level":"INFO","logger":"org.hibernate.orm.core","message":"HHH000001: Hibernate ORM core version 7.2.7.Final"}{"timestamp":"2026-05-29 01:02:55","level":"INFO","logger":"org.springframework.orm.jpa.persistenceunit.SpringPersistenceUnitInfo","message":"No LoadTimeWeaver setup: ignoring JPA class transformer"}{"timestamp":"2026-05-29 01:02:55","level":"INFO","logger":"com.zaxxer.hikari.HikariDataSource","message":"HikariPool-1 - Starting..."}{"timestamp":"2026-05-29 01:02:55","level":"INFO","logger":"com.zaxxer.hikari.pool.HikariPool","message":"HikariPool-1 - Added connection org.postgresql.jdbc.PgConnection@629fc69b"}{"timestamp":"2026-05-29 01:02:55","level":"INFO","logger":"com.zaxxer.hikari.HikariDataSource","message":"HikariPool-1 - Start completed."}{"timestamp":"2026-05-29 01:02:56","level":"INFO","logger":"org.hibernate.orm.connections.pooling","message":"HHH10001005: Database info:
	Database JDBC URL [jdbc:postgresql://127.0.0.1:5433/mydb]
	Database driver: PostgreSQL JDBC Driver
	Database dialect: PostgreSQLDialect
	Database version: 17.9
	Default catalog/schema: mydb/public
	Autocommit mode: undefined/unknown
	Isolation level: READ_COMMITTED [default READ_COMMITTED]
	JDBC fetch size: none
	Pool: DataSourceConnectionProvider
	Minimum pool size: undefined/unknown
	Maximum pool size: undefined/unknown"}{"timestamp":"2026-05-29 01:02:57","level":"INFO","logger":"org.hibernate.orm.core","message":"HHH000489: No JTA platform available (set 'hibernate.transaction.jta.platform' to enable JTA platform integration)"}{"timestamp":"2026-05-29 01:02:58","level":"INFO","logger":"org.springframework.orm.jpa.LocalContainerEntityManagerFactoryBean","message":"Initialized JPA EntityManagerFactory for persistence unit 'default'"}{"timestamp":"2026-05-29 01:02:58","level":"INFO","logger":"org.springframework.data.jpa.repository.query.QueryEnhancerFactories","message":"Hibernate is in classpath; If applicable, HQL parser will be used."}{"timestamp":"2026-05-29 01:02:59","level":"INFO","logger":"org.springframework.security.config.annotation.authentication.configuration.InitializeAuthenticationProviderBeanManagerConfigurer$InitializeAuthenticationProviderManagerConfigurer","message":"Global AuthenticationManager configured with AuthenticationProvider bean with name jobPortalUserNamePwdAuthenticationProvider"}{"timestamp":"2026-05-29 01:03:00","level":"INFO","logger":"org.apache.coyote.http11.Http11NioProtocol","message":"Starting ProtocolHandler ["http-nio-8080"]"}{"timestamp":"2026-05-29 01:03:00","level":"INFO","logger":"org.springframework.boot.tomcat.TomcatWebServer","message":"Tomcat started on port 8080 (http) with context path '/'"}{"timestamp":"2026-05-29 01:03:00","level":"INFO","logger":"com.sp.jobportal.Application","message":"Started Application in 11.715 seconds (process running for 13.222)"}{"timestamp":"2026-05-29 01:03:00","level":"WARN","logger":"org.springdoc.core.events.SpringDocAppInitializer","message":"SpringDoc /v3/api-docs endpoint is enabled by default. To disable it in production, set the property 'springdoc.api-docs.enabled=false'"}{"timestamp":"2026-05-29 01:03:00","level":"WARN","logger":"org.springdoc.core.events.SpringDocAppInitializer","message":"SpringDoc /swagger-ui.html endpoint is enabled by default. To disable it in production, set the property 'springdoc.swagger-ui.enabled=false'"}{"timestamp":"2026-05-29 01:21:07","level":"INFO","logger":"org.springframework.boot.devtools.autoconfigure.LocalDevToolsAutoConfiguration$RestartingClassPathChangeChangedEventListener","message":"Restarting due to 1 class path change (0 additions, 0 deletions, 1 modification)"}{"timestamp":"2026-05-29 01:21:07","level":"INFO","logger":"org.springframework.boot.tomcat.GracefulShutdown","message":"Commencing graceful shutdown. Waiting for active requests to complete"}{"timestamp":"2026-05-29 01:21:07","level":"INFO","logger":"org.apache.coyote.http11.Http11NioProtocol","message":"Pausing ProtocolHandler ["http-nio-8080"]"}{"timestamp":"2026-05-29 01:21:08","level":"INFO","logger":"org.springframework.boot.tomcat.GracefulShutdown","message":"Graceful shutdown complete"}{"timestamp":"2026-05-29 01:21:08","level":"INFO","logger":"org.apache.coyote.http11.Http11NioProtocol","message":"Stopping ProtocolHandler ["http-nio-8080"]"}{"timestamp":"2026-05-29 01:21:08","level":"INFO","logger":"org.springframework.orm.jpa.LocalContainerEntityManagerFactoryBean","message":"Closing JPA EntityManagerFactory for persistence unit 'default'"}{"timestamp":"2026-05-29 01:21:08","level":"INFO","logger":"com.zaxxer.hikari.HikariDataSource","message":"HikariPool-1 - Shutdown initiated..."}{"timestamp":"2026-05-29 01:21:08","level":"INFO","logger":"com.zaxxer.hikari.HikariDataSource","message":"HikariPool-1 - Shutdown completed."}{"timestamp":"2026-05-29 01:21:09","level":"INFO","logger":"com.sp.jobportal.Application","message":"Starting Application using Java 21.0.8 with PID 16432 (D:\JAVA\UDemy\Spring7-SpringBoot4\Section14\jobportal14\target\classes started by abcd in D:\JAVA\UDemy\Spring7-SpringBoot4\Section14\jobportal14)"}{"timestamp":"2026-05-29 01:21:09","level":"DEBUG","logger":"com.sp.jobportal.Application","message":"Running with Spring Boot v4.0.5, Spring v7.0.6"}{"timestamp":"2026-05-29 01:21:09","level":"INFO","logger":"com.sp.jobportal.Application","message":"No active profile set, falling back to 1 default profile: "default""}{"timestamp":"2026-05-29 01:21:09","level":"INFO","logger":"org.springframework.boot.docker.compose.lifecycle.DockerComposeLifecycleManager","message":"Using Docker Compose file D:\JAVA\UDemy\Spring7-SpringBoot4\Section14\jobportal14\compose.yml"}{"timestamp":"2026-05-29 01:21:10","level":"INFO","logger":"org.springframework.boot.docker.compose.lifecycle.DockerComposeLifecycleManager","message":"There are already Docker Compose services running, skipping startup"}{"timestamp":"2026-05-29 01:21:11","level":"INFO","logger":"org.springframework.data.repository.config.RepositoryConfigurationDelegate","message":"Bootstrapping Spring Data JPA repositories in DEFAULT mode."}{"timestamp":"2026-05-29 01:21:11","level":"INFO","logger":"org.springframework.data.repository.config.RepositoryConfigurationDelegate","message":"Finished Spring Data repository scanning in 40 ms. Found 4 JPA repository interfaces."}{"timestamp":"2026-05-29 01:21:11","level":"INFO","logger":"org.springframework.boot.tomcat.TomcatWebServer","message":"Tomcat initialized with port 8080 (http)"}{"timestamp":"2026-05-29 01:21:11","level":"INFO","logger":"org.apache.coyote.http11.Http11NioProtocol","message":"Initializing ProtocolHandler ["http-nio-8080"]"}{"timestamp":"2026-05-29 01:21:11","level":"INFO","logger":"org.apache.catalina.core.StandardService","message":"Starting service [Tomcat]"}{"timestamp":"2026-05-29 01:21:11","level":"INFO","logger":"org.apache.catalina.core.StandardEngine","message":"Starting Servlet engine: [Apache Tomcat/11.0.20]"}{"timestamp":"2026-05-29 01:21:11","level":"INFO","logger":"org.springframework.boot.web.context.servlet.WebApplicationContextInitializer","message":"Root WebApplicationContext: initialization completed in 1260 ms"}{"timestamp":"2026-05-29 01:21:11","level":"INFO","logger":"org.hibernate.orm.jpa","message":"HHH008540: Processing PersistenceUnitInfo [name: default]"}{"timestamp":"2026-05-29 01:21:12","level":"INFO","logger":"org.springframework.orm.jpa.persistenceunit.SpringPersistenceUnitInfo","message":"No LoadTimeWeaver setup: ignoring JPA class transformer"}{"timestamp":"2026-05-29 01:21:12","level":"INFO","logger":"com.zaxxer.hikari.HikariDataSource","message":"HikariPool-2 - Starting..."}{"timestamp":"2026-05-29 01:21:12","level":"INFO","logger":"com.zaxxer.hikari.pool.HikariPool","message":"HikariPool-2 - Added connection org.postgresql.jdbc.PgConnection@2cd311fe"}{"timestamp":"2026-05-29 01:21:12","level":"INFO","logger":"com.zaxxer.hikari.HikariDataSource","message":"HikariPool-2 - Start completed."}{"timestamp":"2026-05-29 01:21:12","level":"INFO","logger":"org.hibernate.orm.connections.pooling","message":"HHH10001005: Database info:
	Database JDBC URL [jdbc:postgresql://127.0.0.1:5433/mydb]
	Database driver: PostgreSQL JDBC Driver
	Database dialect: PostgreSQLDialect
	Database version: 17.9
	Default catalog/schema: mydb/public
	Autocommit mode: undefined/unknown
	Isolation level: READ_COMMITTED [default READ_COMMITTED]
	JDBC fetch size: none
	Pool: DataSourceConnectionProvider
	Minimum pool size: undefined/unknown
	Maximum pool size: undefined/unknown"}{"timestamp":"2026-05-29 01:21:12","level":"INFO","logger":"org.hibernate.orm.core","message":"HHH000489: No JTA platform available (set 'hibernate.transaction.jta.platform' to enable JTA platform integration)"}{"timestamp":"2026-05-29 01:21:12","level":"INFO","logger":"org.springframework.orm.jpa.LocalContainerEntityManagerFactoryBean","message":"Initialized JPA EntityManagerFactory for persistence unit 'default'"}{"timestamp":"2026-05-29 01:21:13","level":"INFO","logger":"org.springframework.security.config.annotation.authentication.configuration.InitializeAuthenticationProviderBeanManagerConfigurer$InitializeAuthenticationProviderManagerConfigurer","message":"Global AuthenticationManager configured with AuthenticationProvider bean with name jobPortalUserNamePwdAuthenticationProvider"}{"timestamp":"2026-05-29 01:21:14","level":"INFO","logger":"org.apache.coyote.http11.Http11NioProtocol","message":"Starting ProtocolHandler ["http-nio-8080"]"}{"timestamp":"2026-05-29 01:21:14","level":"INFO","logger":"org.springframework.boot.tomcat.TomcatWebServer","message":"Tomcat started on port 8080 (http) with context path '/'"}{"timestamp":"2026-05-29 01:21:14","level":"INFO","logger":"com.sp.jobportal.Application","message":"Started Application in 4.967 seconds (process running for 1106.665)"}{"timestamp":"2026-05-29 01:21:14","level":"WARN","logger":"org.springdoc.core.events.SpringDocAppInitializer","message":"SpringDoc /v3/api-docs endpoint is enabled by default. To disable it in production, set the property 'springdoc.api-docs.enabled=false'"}{"timestamp":"2026-05-29 01:21:14","level":"WARN","logger":"org.springdoc.core.events.SpringDocAppInitializer","message":"SpringDoc /swagger-ui.html endpoint is enabled by default. To disable it in production, set the property 'springdoc.swagger-ui.enabled=false'"}{"timestamp":"2026-05-29 01:21:14","level":"INFO","logger":"org.springframework.boot.devtools.autoconfigure.ConditionEvaluationDeltaLoggingListener","message":"Condition evaluation unchanged"}{"timestamp":"2026-05-29 01:21:31","level":"INFO","logger":"org.springframework.boot.admin.SpringApplicationAdminMXBeanRegistrar$SpringApplicationAdmin","message":"Application shutdown requested."}{"timestamp":"2026-05-29 01:21:31","level":"INFO","logger":"org.springframework.boot.tomcat.GracefulShutdown","message":"Commencing graceful shutdown. Waiting for active requests to complete"}{"timestamp":"2026-05-29 01:21:31","level":"INFO","logger":"org.apache.coyote.http11.Http11NioProtocol","message":"Pausing ProtocolHandler ["http-nio-8080"]"}{"timestamp":"2026-05-29 01:21:31","level":"INFO","logger":"org.springframework.boot.tomcat.GracefulShutdown","message":"Graceful shutdown complete"}{"timestamp":"2026-05-29 01:21:31","level":"INFO","logger":"org.apache.coyote.http11.Http11NioProtocol","message":"Stopping ProtocolHandler ["http-nio-8080"]"}{"timestamp":"2026-05-29 01:21:31","level":"INFO","logger":"org.springframework.orm.jpa.LocalContainerEntityManagerFactoryBean","message":"Closing JPA EntityManagerFactory for persistence unit 'default'"}{"timestamp":"2026-05-29 01:21:31","level":"INFO","logger":"com.zaxxer.hikari.HikariDataSource","message":"HikariPool-2 - Shutdown initiated..."}{"timestamp":"2026-05-29 01:21:31","level":"INFO","logger":"com.zaxxer.hikari.HikariDataSource","message":"HikariPool-2 - Shutdown completed."}{"timestamp":"2026-05-29 07:39:30","level":"INFO","logger":"com.sp.jobportal.Application","message":"Starting Application using Java 21.0.8 with PID 9948 (D:\JAVA\UDemy\Spring7-SpringBoot4\Section14\jobportal14\target\classes started by abcd in D:\JAVA\UDemy\Spring7-SpringBoot4\Section14\jobportal14)"}{"timestamp":"2026-05-29 07:39:30","level":"DEBUG","logger":"com.sp.jobportal.Application","message":"Running with Spring Boot v4.0.5, Spring v7.0.6"}{"timestamp":"2026-05-29 07:39:30","level":"INFO","logger":"com.sp.jobportal.Application","message":"No active profile set, falling back to 1 default profile: "default""}{"timestamp":"2026-05-29 07:39:30","level":"INFO","logger":"org.springframework.boot.devtools.env.DevToolsPropertyDefaultsPostProcessor","message":"Devtools property defaults active! Set 'spring.devtools.add-properties' to 'false' to disable"}{"timestamp":"2026-05-29 07:39:30","level":"INFO","logger":"org.springframework.boot.devtools.env.DevToolsPropertyDefaultsPostProcessor","message":"For additional web related logging consider setting the 'logging.level.web' property to 'DEBUG'"}{"timestamp":"2026-05-29 07:39:30","level":"INFO","logger":"org.springframework.boot.docker.compose.lifecycle.DockerComposeLifecycleManager","message":"Using Docker Compose file D:\JAVA\UDemy\Spring7-SpringBoot4\Section14\jobportal14\compose.yml"}{"timestamp":"2026-05-29 07:39:31","level":"INFO","logger":"org.hibernate.validator.internal.util.Version","message":"HV000001: Hibernate Validator 9.0.1.Final"}{"timestamp":"2026-05-29 07:39:31","level":"ERROR","logger":"org.springframework.boot.SpringApplication","message":"Application run failed"}org.springframework.boot.docker.compose.core.ProcessExitException: 'docker version --format {{.Client.Version}}' failed with exit code 1.

Stdout:
29.4.0


Stderr:
failed to connect to the docker API at npipe:////./pipe/dockerDesktopLinuxEngine; check if the path is correct and if the daemon is running: open //./pipe/dockerDesktopLinuxEngine: The system cannot find the file specified.

	at org.springframework.boot.docker.compose.core.ProcessRunner.run(ProcessRunner.java:98)
	at org.springframework.boot.docker.compose.core.ProcessRunner.run(ProcessRunner.java:76)
	at org.springframework.boot.docker.compose.core.DockerCli$DockerCommands.getDockerCommand(DockerCli.java:147)
	at org.springframework.boot.docker.compose.core.DockerCli$DockerCommands.<init>(DockerCli.java:141)
	at org.springframework.boot.docker.compose.core.DockerCli.lambda$new$0(DockerCli.java:67)
	at java.base/java.util.HashMap.computeIfAbsent(HashMap.java:1228)
	at org.springframework.boot.docker.compose.core.DockerCli.<init>(DockerCli.java:66)
	at org.springframework.boot.docker.compose.core.DockerCompose.get(DockerCompose.java:147)
	at org.springframework.boot.docker.compose.lifecycle.DockerComposeLifecycleManager.getDockerCompose(DockerComposeLifecycleManager.java:166)
	at org.springframework.boot.docker.compose.lifecycle.DockerComposeLifecycleManager.start(DockerComposeLifecycleManager.java:114)
	at org.springframework.boot.docker.compose.lifecycle.DockerComposeListener.onApplicationEvent(DockerComposeListener.java:53)
	at org.springframework.boot.docker.compose.lifecycle.DockerComposeListener.onApplicationEvent(DockerComposeListener.java:35)
	at org.springframework.context.event.SimpleApplicationEventMulticaster.doInvokeListener(SimpleApplicationEventMulticaster.java:180)
	at org.springframework.context.event.SimpleApplicationEventMulticaster.invokeListener(SimpleApplicationEventMulticaster.java:173)
	at org.springframework.context.event.SimpleApplicationEventMulticaster.multicastEvent(SimpleApplicationEventMulticaster.java:151)
	at org.springframework.context.event.SimpleApplicationEventMulticaster.multicastEvent(SimpleApplicationEventMulticaster.java:133)
	at org.springframework.boot.context.event.EventPublishingRunListener.multicastInitialEvent(EventPublishingRunListener.java:137)
	at org.springframework.boot.context.event.EventPublishingRunListener.contextLoaded(EventPublishingRunListener.java:99)
	at org.springframework.boot.SpringApplicationRunListeners.lambda$contextLoaded$0(SpringApplicationRunListeners.java:74)
	at java.base/java.lang.Iterable.forEach(Iterable.java:75)
	at org.springframework.boot.SpringApplicationRunListeners.doWithListeners(SpringApplicationRunListeners.java:123)
	at org.springframework.boot.SpringApplicationRunListeners.doWithListeners(SpringApplicationRunListeners.java:117)
	at org.springframework.boot.SpringApplicationRunListeners.contextLoaded(SpringApplicationRunListeners.java:74)
	at org.springframework.boot.SpringApplication.prepareContext(SpringApplication.java:418)
	at org.springframework.boot.SpringApplication.run(SpringApplication.java:320)
	at org.springframework.boot.SpringApplication.run(SpringApplication.java:1365)
	at org.springframework.boot.SpringApplication.run(SpringApplication.java:1354)
	at com.sp.jobportal.Application.main(Application.java:17)
	at java.base/jdk.internal.reflect.DirectMethodHandleAccessor.invoke(DirectMethodHandleAccessor.java:103)
	at java.base/java.lang.reflect.Method.invoke(Method.java:580)
	at org.springframework.boot.devtools.restart.RestartLauncher.run(RestartLauncher.java:52)
{"timestamp":"2026-05-29 07:40:41","level":"INFO","logger":"com.sp.jobportal.Application","message":"Starting Application using Java 21.0.8 with PID 3408 (D:\JAVA\UDemy\Spring7-SpringBoot4\Section14\jobportal14\target\classes started by abcd in D:\JAVA\UDemy\Spring7-SpringBoot4\Section14\jobportal14)"}{"timestamp":"2026-05-29 07:40:41","level":"DEBUG","logger":"com.sp.jobportal.Application","message":"Running with Spring Boot v4.0.5, Spring v7.0.6"}{"timestamp":"2026-05-29 07:40:41","level":"INFO","logger":"com.sp.jobportal.Application","message":"No active profile set, falling back to 1 default profile: "default""}{"timestamp":"2026-05-29 07:40:42","level":"INFO","logger":"org.springframework.boot.devtools.env.DevToolsPropertyDefaultsPostProcessor","message":"Devtools property defaults active! Set 'spring.devtools.add-properties' to 'false' to disable"}{"timestamp":"2026-05-29 07:40:42","level":"INFO","logger":"org.springframework.boot.devtools.env.DevToolsPropertyDefaultsPostProcessor","message":"For additional web related logging consider setting the 'logging.level.web' property to 'DEBUG'"}{"timestamp":"2026-05-29 07:40:42","level":"INFO","logger":"org.springframework.boot.docker.compose.lifecycle.DockerComposeLifecycleManager","message":"Using Docker Compose file D:\JAVA\UDemy\Spring7-SpringBoot4\Section14\jobportal14\compose.yml"}{"timestamp":"2026-05-29 07:40:42","level":"INFO","logger":"org.hibernate.validator.internal.util.Version","message":"HV000001: Hibernate Validator 9.0.1.Final"}{"timestamp":"2026-05-29 07:40:44","level":"INFO","logger":"org.springframework.boot.docker.compose.core.DockerCli","message":" Container jobportal14-postgres-1 Starting "}{"timestamp":"2026-05-29 07:40:44","level":"INFO","logger":"org.springframework.boot.docker.compose.core.DockerCli","message":" Container jobportal14-postgres-1 Started "}{"timestamp":"2026-05-29 07:40:44","level":"INFO","logger":"org.springframework.boot.docker.compose.core.DockerCli","message":" Container jobportal14-postgres-1 Waiting "}{"timestamp":"2026-05-29 07:40:45","level":"INFO","logger":"org.springframework.boot.docker.compose.core.DockerCli","message":" Container jobportal14-postgres-1 Healthy "}{"timestamp":"2026-05-29 07:40:50","level":"INFO","logger":"org.springframework.data.repository.config.RepositoryConfigurationDelegate","message":"Bootstrapping Spring Data JPA repositories in DEFAULT mode."}{"timestamp":"2026-05-29 07:40:50","level":"INFO","logger":"org.springframework.data.repository.config.RepositoryConfigurationDelegate","message":"Finished Spring Data repository scanning in 115 ms. Found 4 JPA repository interfaces."}{"timestamp":"2026-05-29 07:40:52","level":"INFO","logger":"org.springframework.boot.tomcat.TomcatWebServer","message":"Tomcat initialized with port 8080 (http)"}{"timestamp":"2026-05-29 07:40:52","level":"INFO","logger":"org.apache.coyote.http11.Http11NioProtocol","message":"Initializing ProtocolHandler ["http-nio-8080"]"}{"timestamp":"2026-05-29 07:40:52","level":"INFO","logger":"org.apache.catalina.core.StandardService","message":"Starting service [Tomcat]"}{"timestamp":"2026-05-29 07:40:52","level":"INFO","logger":"org.apache.catalina.core.StandardEngine","message":"Starting Servlet engine: [Apache Tomcat/11.0.20]"}{"timestamp":"2026-05-29 07:40:52","level":"INFO","logger":"org.springframework.boot.web.context.servlet.WebApplicationContextInitializer","message":"Root WebApplicationContext: initialization completed in 4315 ms"}{"timestamp":"2026-05-29 07:40:52","level":"INFO","logger":"org.hibernate.orm.jpa","message":"HHH008540: Processing PersistenceUnitInfo [name: default]"}{"timestamp":"2026-05-29 07:40:53","level":"INFO","logger":"org.hibernate.orm.core","message":"HHH000001: Hibernate ORM core version 7.2.7.Final"}{"timestamp":"2026-05-29 07:40:53","level":"INFO","logger":"org.springframework.orm.jpa.persistenceunit.SpringPersistenceUnitInfo","message":"No LoadTimeWeaver setup: ignoring JPA class transformer"}{"timestamp":"2026-05-29 07:40:53","level":"INFO","logger":"com.zaxxer.hikari.HikariDataSource","message":"HikariPool-1 - Starting..."}{"timestamp":"2026-05-29 07:40:55","level":"WARN","logger":"org.hibernate.orm.jdbc.error","message":"HHH000247: ErrorCode: 0, SQLState: 22023"}{"timestamp":"2026-05-29 07:40:55","level":"WARN","logger":"org.hibernate.orm.jdbc.error","message":"FATAL: invalid value for parameter "TimeZone": "Asia/Calcutta""}{"timestamp":"2026-05-29 07:40:55","level":"WARN","logger":"org.hibernate.orm.jdbc","message":"HHH100046: Could not obtain connection to query JDBC database metadata"}org.hibernate.exception.DataException: Unable to obtain isolated JDBC connection [FATAL: invalid value for parameter "TimeZone": "Asia/Calcutta"] [n/a]
	at org.hibernate.exception.internal.SQLStateConversionDelegate.convert(SQLStateConversionDelegate.java:84)
	at org.hibernate.exception.internal.StandardSQLExceptionConverter.convert(StandardSQLExceptionConverter.java:34)
	at org.hibernate.engine.jdbc.spi.SqlExceptionHelper.convert(SqlExceptionHelper.java:115)
	at org.hibernate.engine.jdbc.spi.SqlExceptionHelper.convert(SqlExceptionHelper.java:101)
	at org.hibernate.resource.transaction.backend.jdbc.internal.JdbcIsolationDelegate.delegateWork(JdbcIsolationDelegate.java:51)
	at org.hibernate.engine.jdbc.env.internal.JdbcEnvironmentInitiator.getJdbcEnvironmentUsingJdbcMetadata(JdbcEnvironmentInitiator.java:366)
	at org.hibernate.engine.jdbc.env.internal.JdbcEnvironmentInitiator.getJdbcEnvironment(JdbcEnvironmentInitiator.java:143)
	at org.hibernate.engine.jdbc.env.internal.JdbcEnvironmentInitiator.initiateService(JdbcEnvironmentInitiator.java:120)
	at org.hibernate.engine.jdbc.env.internal.JdbcEnvironmentInitiator.initiateService(JdbcEnvironmentInitiator.java:80)
	at org.hibernate.boot.registry.internal.StandardServiceRegistryImpl.initiateService(StandardServiceRegistryImpl.java:133)
	at org.hibernate.service.internal.AbstractServiceRegistryImpl.createService(AbstractServiceRegistryImpl.java:260)
	at org.hibernate.service.internal.AbstractServiceRegistryImpl.initializeService(AbstractServiceRegistryImpl.java:235)
	at org.hibernate.service.internal.AbstractServiceRegistryImpl.getService(AbstractServiceRegistryImpl.java:212)
	at org.hibernate.boot.model.relational.Database.<init>(Database.java:44)
	at org.hibernate.boot.internal.InFlightMetadataCollectorImpl.getDatabase(InFlightMetadataCollectorImpl.java:251)
	at org.hibernate.boot.internal.InFlightMetadataCollectorImpl.<init>(InFlightMetadataCollectorImpl.java:203)
	at org.hibernate.boot.model.process.spi.MetadataBuildingProcess.complete(MetadataBuildingProcess.java:172)
	at org.hibernate.jpa.boot.internal.EntityManagerFactoryBuilderImpl.metadata(EntityManagerFactoryBuilderImpl.java:1392)
	at org.hibernate.jpa.boot.internal.EntityManagerFactoryBuilderImpl.populateSessionFactoryBuilder(EntityManagerFactoryBuilderImpl.java:1472)
	at org.hibernate.jpa.boot.internal.EntityManagerFactoryBuilderImpl.build(EntityManagerFactoryBuilderImpl.java:1454)
	at org.springframework.orm.jpa.vendor.SpringHibernateJpaPersistenceProvider.createContainerEntityManagerFactory(SpringHibernateJpaPersistenceProvider.java:93)
	at org.springframework.orm.jpa.LocalContainerEntityManagerFactoryBean.createNativeEntityManagerFactory(LocalContainerEntityManagerFactoryBean.java:443)
	at org.springframework.orm.jpa.AbstractEntityManagerFactoryBean.buildNativeEntityManagerFactory(AbstractEntityManagerFactoryBean.java:436)
	at org.springframework.orm.jpa.AbstractEntityManagerFactoryBean.afterPropertiesSet(AbstractEntityManagerFactoryBean.java:411)
	at org.springframework.orm.jpa.LocalContainerEntityManagerFactoryBean.afterPropertiesSet(LocalContainerEntityManagerFactoryBean.java:419)
	at org.springframework.beans.factory.support.AbstractAutowireCapableBeanFactory.invokeInitMethods(AbstractAutowireCapableBeanFactory.java:1864)
	at org.springframework.beans.factory.support.AbstractAutowireCapableBeanFactory.initializeBean(AbstractAutowireCapableBeanFactory.java:1813)
	at org.springframework.beans.factory.support.AbstractAutowireCapableBeanFactory.doCreateBean(AbstractAutowireCapableBeanFactory.java:603)
	at org.springframework.beans.factory.support.AbstractAutowireCapableBeanFactory.createBean(AbstractAutowireCapableBeanFactory.java:525)
	at org.springframework.beans.factory.support.AbstractBeanFactory.lambda$doGetBean$0(AbstractBeanFactory.java:333)
	at org.springframework.beans.factory.support.DefaultSingletonBeanRegistry.getSingleton(DefaultSingletonBeanRegistry.java:371)
	at org.springframework.beans.factory.support.AbstractBeanFactory.doGetBean(AbstractBeanFactory.java:331)
	at org.springframework.beans.factory.support.AbstractBeanFactory.getBean(AbstractBeanFactory.java:201)
	at org.springframework.context.support.AbstractApplicationContext.finishBeanFactoryInitialization(AbstractApplicationContext.java:977)
	at org.springframework.context.support.AbstractApplicationContext.refresh(AbstractApplicationContext.java:621)
	at org.springframework.boot.web.server.servlet.context.ServletWebServerApplicationContext.refresh(ServletWebServerApplicationContext.java:143)
	at org.springframework.boot.SpringApplication.refresh(SpringApplication.java:756)
	at org.springframework.boot.SpringApplication.refreshContext(SpringApplication.java:445)
	at org.springframework.boot.SpringApplication.run(SpringApplication.java:321)
	at org.springframework.boot.SpringApplication.run(SpringApplication.java:1365)
	at org.springframework.boot.SpringApplication.run(SpringApplication.java:1354)
	at com.sp.jobportal.Application.main(Application.java:17)
	at java.base/jdk.internal.reflect.DirectMethodHandleAccessor.invoke(DirectMethodHandleAccessor.java:103)
	at java.base/java.lang.reflect.Method.invoke(Method.java:580)
	at org.springframework.boot.devtools.restart.RestartLauncher.run(RestartLauncher.java:52)
Caused by: org.postgresql.util.PSQLException: FATAL: invalid value for parameter "TimeZone": "Asia/Calcutta"
	at org.postgresql.core.v3.QueryExecutorImpl.receiveErrorResponse(QueryExecutorImpl.java:2875)
	at org.postgresql.core.v3.QueryExecutorImpl.readStartupMessages(QueryExecutorImpl.java:3000)
	at org.postgresql.core.v3.QueryExecutorImpl.<init>(QueryExecutorImpl.java:235)
	at org.postgresql.core.v3.ConnectionFactoryImpl.openConnectionImpl(ConnectionFactoryImpl.java:344)
	at org.postgresql.core.ConnectionFactory.openConnection(ConnectionFactory.java:57)
	at org.postgresql.jdbc.PgConnection.<init>(PgConnection.java:290)
	at org.postgresql.Driver.makeConnection(Driver.java:448)
	at org.postgresql.Driver.connect(Driver.java:298)
	at com.zaxxer.hikari.util.DriverDataSource.getConnection(DriverDataSource.java:144)
	at com.zaxxer.hikari.pool.PoolBase.newConnection(PoolBase.java:373)
	at com.zaxxer.hikari.pool.PoolBase.newPoolEntry(PoolBase.java:210)
	at com.zaxxer.hikari.pool.HikariPool.createPoolEntry(HikariPool.java:488)
	at com.zaxxer.hikari.pool.HikariPool.checkFailFast(HikariPool.java:576)
	at com.zaxxer.hikari.pool.HikariPool.<init>(HikariPool.java:97)
	at com.zaxxer.hikari.HikariDataSource.getConnection(HikariDataSource.java:111)
	at org.hibernate.engine.jdbc.connections.internal.DataSourceConnectionProvider.getConnection(DataSourceConnectionProvider.java:137)
	at org.hibernate.engine.jdbc.env.internal.JdbcEnvironmentInitiator$ConnectionProviderJdbcConnectionAccess.obtainConnection(JdbcEnvironmentInitiator.java:508)
	at org.hibernate.resource.transaction.backend.jdbc.internal.JdbcIsolationDelegate.delegateWork(JdbcIsolationDelegate.java:48)
	... 40 common frames omitted
{"timestamp":"2026-05-29 07:40:55","level":"ERROR","logger":"org.springframework.orm.jpa.LocalContainerEntityManagerFactoryBean","message":"Failed to initialize JPA EntityManagerFactory: Unable to create requested service [org.hibernate.engine.jdbc.env.spi.JdbcEnvironment] due to: Unable to determine Dialect without JDBC metadata (please set 'jakarta.persistence.jdbc.url' for common cases or 'hibernate.dialect' when a custom Dialect implementation must be provided)"}{"timestamp":"2026-05-29 07:40:55","level":"WARN","logger":"org.springframework.boot.web.server.servlet.context.AnnotationConfigServletWebServerApplicationContext","message":"Exception encountered during context initialization - cancelling refresh attempt: org.springframework.beans.factory.BeanCreationException: Error creating bean with name 'entityManagerFactory' defined in class path resource [org/springframework/boot/hibernate/autoconfigure/HibernateJpaConfiguration.class]: Unable to create requested service [org.hibernate.engine.jdbc.env.spi.JdbcEnvironment] due to: Unable to determine Dialect without JDBC metadata (please set 'jakarta.persistence.jdbc.url' for common cases or 'hibernate.dialect' when a custom Dialect implementation must be provided)"}{"timestamp":"2026-05-29 07:40:55","level":"INFO","logger":"org.apache.catalina.core.StandardService","message":"Stopping service [Tomcat]"}{"timestamp":"2026-05-29 07:40:55","level":"INFO","logger":"org.springframework.boot.autoconfigure.logging.ConditionEvaluationReportLogger","message":"

Error starting ApplicationContext. To display the condition evaluation report re-run your application with 'debug' enabled."}{"timestamp":"2026-05-29 07:40:55","level":"ERROR","logger":"org.springframework.boot.SpringApplication","message":"Application run failed"}org.springframework.beans.factory.BeanCreationException: Error creating bean with name 'entityManagerFactory' defined in class path resource [org/springframework/boot/hibernate/autoconfigure/HibernateJpaConfiguration.class]: Unable to create requested service [org.hibernate.engine.jdbc.env.spi.JdbcEnvironment] due to: Unable to determine Dialect without JDBC metadata (please set 'jakarta.persistence.jdbc.url' for common cases or 'hibernate.dialect' when a custom Dialect implementation must be provided)
	at org.springframework.beans.factory.support.AbstractAutowireCapableBeanFactory.initializeBean(AbstractAutowireCapableBeanFactory.java:1817)
	at org.springframework.beans.factory.support.AbstractAutowireCapableBeanFactory.doCreateBean(AbstractAutowireCapableBeanFactory.java:603)
	at org.springframework.beans.factory.support.AbstractAutowireCapableBeanFactory.createBean(AbstractAutowireCapableBeanFactory.java:525)
	at org.springframework.beans.factory.support.AbstractBeanFactory.lambda$doGetBean$0(AbstractBeanFactory.java:333)
	at org.springframework.beans.factory.support.DefaultSingletonBeanRegistry.getSingleton(DefaultSingletonBeanRegistry.java:371)
	at org.springframework.beans.factory.support.AbstractBeanFactory.doGetBean(AbstractBeanFactory.java:331)
	at org.springframework.beans.factory.support.AbstractBeanFactory.getBean(AbstractBeanFactory.java:201)
	at org.springframework.context.support.AbstractApplicationContext.finishBeanFactoryInitialization(AbstractApplicationContext.java:977)
	at org.springframework.context.support.AbstractApplicationContext.refresh(AbstractApplicationContext.java:621)
	at org.springframework.boot.web.server.servlet.context.ServletWebServerApplicationContext.refresh(ServletWebServerApplicationContext.java:143)
	at org.springframework.boot.SpringApplication.refresh(SpringApplication.java:756)
	at org.springframework.boot.SpringApplication.refreshContext(SpringApplication.java:445)
	at org.springframework.boot.SpringApplication.run(SpringApplication.java:321)
	at org.springframework.boot.SpringApplication.run(SpringApplication.java:1365)
	at org.springframework.boot.SpringApplication.run(SpringApplication.java:1354)
	at com.sp.jobportal.Application.main(Application.java:17)
	at java.base/jdk.internal.reflect.DirectMethodHandleAccessor.invoke(DirectMethodHandleAccessor.java:103)
	at java.base/java.lang.reflect.Method.invoke(Method.java:580)
	at org.springframework.boot.devtools.restart.RestartLauncher.run(RestartLauncher.java:52)
Caused by: org.hibernate.service.spi.ServiceException: Unable to create requested service [org.hibernate.engine.jdbc.env.spi.JdbcEnvironment] due to: Unable to determine Dialect without JDBC metadata (please set 'jakarta.persistence.jdbc.url' for common cases or 'hibernate.dialect' when a custom Dialect implementation must be provided)
	at org.hibernate.service.internal.AbstractServiceRegistryImpl.createService(AbstractServiceRegistryImpl.java:273)
	at org.hibernate.service.internal.AbstractServiceRegistryImpl.initializeService(AbstractServiceRegistryImpl.java:235)
	at org.hibernate.service.internal.AbstractServiceRegistryImpl.getService(AbstractServiceRegistryImpl.java:212)
	at org.hibernate.boot.model.relational.Database.<init>(Database.java:44)
	at org.hibernate.boot.internal.InFlightMetadataCollectorImpl.getDatabase(InFlightMetadataCollectorImpl.java:251)
	at org.hibernate.boot.internal.InFlightMetadataCollectorImpl.<init>(InFlightMetadataCollectorImpl.java:203)
	at org.hibernate.boot.model.process.spi.MetadataBuildingProcess.complete(MetadataBuildingProcess.java:172)
	at org.hibernate.jpa.boot.internal.EntityManagerFactoryBuilderImpl.metadata(EntityManagerFactoryBuilderImpl.java:1392)
	at org.hibernate.jpa.boot.internal.EntityManagerFactoryBuilderImpl.populateSessionFactoryBuilder(EntityManagerFactoryBuilderImpl.java:1472)
	at org.hibernate.jpa.boot.internal.EntityManagerFactoryBuilderImpl.build(EntityManagerFactoryBuilderImpl.java:1454)
	at org.springframework.orm.jpa.vendor.SpringHibernateJpaPersistenceProvider.createContainerEntityManagerFactory(SpringHibernateJpaPersistenceProvider.java:93)
	at org.springframework.orm.jpa.LocalContainerEntityManagerFactoryBean.createNativeEntityManagerFactory(LocalContainerEntityManagerFactoryBean.java:443)
	at org.springframework.orm.jpa.AbstractEntityManagerFactoryBean.buildNativeEntityManagerFactory(AbstractEntityManagerFactoryBean.java:436)
	at org.springframework.orm.jpa.AbstractEntityManagerFactoryBean.afterPropertiesSet(AbstractEntityManagerFactoryBean.java:411)
	at org.springframework.orm.jpa.LocalContainerEntityManagerFactoryBean.afterPropertiesSet(LocalContainerEntityManagerFactoryBean.java:419)
	at org.springframework.beans.factory.support.AbstractAutowireCapableBeanFactory.invokeInitMethods(AbstractAutowireCapableBeanFactory.java:1864)
	at org.springframework.beans.factory.support.AbstractAutowireCapableBeanFactory.initializeBean(AbstractAutowireCapableBeanFactory.java:1813)
	... 18 common frames omitted
Caused by: org.hibernate.HibernateException: Unable to determine Dialect without JDBC metadata (please set 'jakarta.persistence.jdbc.url' for common cases or 'hibernate.dialect' when a custom Dialect implementation must be provided)
	at org.hibernate.engine.jdbc.dialect.internal.DialectFactoryImpl.determineDialect(DialectFactoryImpl.java:190)
	at org.hibernate.engine.jdbc.dialect.internal.DialectFactoryImpl.buildDialect(DialectFactoryImpl.java:86)
	at org.hibernate.engine.jdbc.env.internal.JdbcEnvironmentInitiator.getJdbcEnvironmentWithDefaults(JdbcEnvironmentInitiator.java:200)
	at org.hibernate.engine.jdbc.env.internal.JdbcEnvironmentInitiator.getJdbcEnvironmentUsingJdbcMetadata(JdbcEnvironmentInitiator.java:452)
	at org.hibernate.engine.jdbc.env.internal.JdbcEnvironmentInitiator.getJdbcEnvironment(JdbcEnvironmentInitiator.java:143)
	at org.hibernate.engine.jdbc.env.internal.JdbcEnvironmentInitiator.initiateService(JdbcEnvironmentInitiator.java:120)
	at org.hibernate.engine.jdbc.env.internal.JdbcEnvironmentInitiator.initiateService(JdbcEnvironmentInitiator.java:80)
	at org.hibernate.boot.registry.internal.StandardServiceRegistryImpl.initiateService(StandardServiceRegistryImpl.java:133)
	at org.hibernate.service.internal.AbstractServiceRegistryImpl.createService(AbstractServiceRegistryImpl.java:260)
	... 34 common frames omitted
{"timestamp":"2026-05-29 02:12:32","level":"INFO","logger":"com.sp.jobportal.Application","message":"Starting Application using Java 21.0.8 with PID 4468 (D:\JAVA\UDemy\Spring7-SpringBoot4\Section14\jobportal14\target\classes started by abcd in D:\JAVA\UDemy\Spring7-SpringBoot4\Section14\jobportal14)"}{"timestamp":"2026-05-29 02:12:32","level":"DEBUG","logger":"com.sp.jobportal.Application","message":"Running with Spring Boot v4.0.5, Spring v7.0.6"}{"timestamp":"2026-05-29 02:12:32","level":"INFO","logger":"com.sp.jobportal.Application","message":"No active profile set, falling back to 1 default profile: "default""}{"timestamp":"2026-05-29 02:12:32","level":"INFO","logger":"org.springframework.boot.devtools.env.DevToolsPropertyDefaultsPostProcessor","message":"Devtools property defaults active! Set 'spring.devtools.add-properties' to 'false' to disable"}{"timestamp":"2026-05-29 02:12:32","level":"INFO","logger":"org.springframework.boot.devtools.env.DevToolsPropertyDefaultsPostProcessor","message":"For additional web related logging consider setting the 'logging.level.web' property to 'DEBUG'"}{"timestamp":"2026-05-29 02:12:32","level":"INFO","logger":"org.springframework.boot.docker.compose.lifecycle.DockerComposeLifecycleManager","message":"Using Docker Compose file D:\JAVA\UDemy\Spring7-SpringBoot4\Section14\jobportal14\compose.yml"}{"timestamp":"2026-05-29 02:12:32","level":"INFO","logger":"org.hibernate.validator.internal.util.Version","message":"HV000001: Hibernate Validator 9.0.1.Final"}{"timestamp":"2026-05-29 02:12:33","level":"INFO","logger":"org.springframework.boot.docker.compose.core.DockerCli","message":" Container jobportal14-postgres-1 Starting "}{"timestamp":"2026-05-29 02:12:34","level":"INFO","logger":"org.springframework.boot.docker.compose.core.DockerCli","message":" Container jobportal14-postgres-1 Started "}{"timestamp":"2026-05-29 02:12:34","level":"INFO","logger":"org.springframework.boot.docker.compose.core.DockerCli","message":" Container jobportal14-postgres-1 Waiting "}{"timestamp":"2026-05-29 02:12:34","level":"INFO","logger":"org.springframework.boot.docker.compose.core.DockerCli","message":" Container jobportal14-postgres-1 Healthy "}{"timestamp":"2026-05-29 02:12:38","level":"INFO","logger":"org.springframework.data.repository.config.RepositoryConfigurationDelegate","message":"Bootstrapping Spring Data JPA repositories in DEFAULT mode."}{"timestamp":"2026-05-29 02:12:38","level":"INFO","logger":"org.springframework.data.repository.config.RepositoryConfigurationDelegate","message":"Finished Spring Data repository scanning in 136 ms. Found 4 JPA repository interfaces."}{"timestamp":"2026-05-29 02:12:39","level":"INFO","logger":"org.springframework.boot.tomcat.TomcatWebServer","message":"Tomcat initialized with port 8080 (http)"}{"timestamp":"2026-05-29 02:12:39","level":"INFO","logger":"org.apache.coyote.http11.Http11NioProtocol","message":"Initializing ProtocolHandler ["http-nio-8080"]"}{"timestamp":"2026-05-29 02:12:39","level":"INFO","logger":"org.apache.catalina.core.StandardService","message":"Starting service [Tomcat]"}{"timestamp":"2026-05-29 02:12:39","level":"INFO","logger":"org.apache.catalina.core.StandardEngine","message":"Starting Servlet engine: [Apache Tomcat/11.0.20]"}{"timestamp":"2026-05-29 02:12:40","level":"INFO","logger":"org.springframework.boot.web.context.servlet.WebApplicationContextInitializer","message":"Root WebApplicationContext: initialization completed in 3609 ms"}{"timestamp":"2026-05-29 02:12:40","level":"INFO","logger":"org.hibernate.orm.jpa","message":"HHH008540: Processing PersistenceUnitInfo [name: default]"}{"timestamp":"2026-05-29 02:12:40","level":"INFO","logger":"org.hibernate.orm.core","message":"HHH000001: Hibernate ORM core version 7.2.7.Final"}{"timestamp":"2026-05-29 02:12:41","level":"INFO","logger":"org.springframework.orm.jpa.persistenceunit.SpringPersistenceUnitInfo","message":"No LoadTimeWeaver setup: ignoring JPA class transformer"}{"timestamp":"2026-05-29 02:12:41","level":"INFO","logger":"com.zaxxer.hikari.HikariDataSource","message":"HikariPool-1 - Starting..."}{"timestamp":"2026-05-29 02:12:42","level":"INFO","logger":"com.zaxxer.hikari.pool.HikariPool","message":"HikariPool-1 - Added connection org.postgresql.jdbc.PgConnection@2b020158"}{"timestamp":"2026-05-29 02:12:42","level":"INFO","logger":"com.zaxxer.hikari.HikariDataSource","message":"HikariPool-1 - Start completed."}{"timestamp":"2026-05-29 02:12:42","level":"INFO","logger":"org.hibernate.orm.connections.pooling","message":"HHH10001005: Database info:
	Database JDBC URL [jdbc:postgresql://127.0.0.1:5433/mydb]
	Database driver: PostgreSQL JDBC Driver
	Database dialect: PostgreSQLDialect
	Database version: 17.9
	Default catalog/schema: mydb/public
	Autocommit mode: undefined/unknown
	Isolation level: READ_COMMITTED [default READ_COMMITTED]
	JDBC fetch size: none
	Pool: DataSourceConnectionProvider
	Minimum pool size: undefined/unknown
	Maximum pool size: undefined/unknown"}{"timestamp":"2026-05-29 02:12:44","level":"INFO","logger":"org.hibernate.orm.core","message":"HHH000489: No JTA platform available (set 'hibernate.transaction.jta.platform' to enable JTA platform integration)"}{"timestamp":"2026-05-29 02:12:46","level":"INFO","logger":"org.springframework.orm.jpa.LocalContainerEntityManagerFactoryBean","message":"Initialized JPA EntityManagerFactory for persistence unit 'default'"}{"timestamp":"2026-05-29 02:12:46","level":"INFO","logger":"org.springframework.data.jpa.repository.query.QueryEnhancerFactories","message":"Hibernate is in classpath; If applicable, HQL parser will be used."}{"timestamp":"2026-05-29 02:12:48","level":"INFO","logger":"org.springframework.security.config.annotation.authentication.configuration.InitializeAuthenticationProviderBeanManagerConfigurer$InitializeAuthenticationProviderManagerConfigurer","message":"Global AuthenticationManager configured with AuthenticationProvider bean with name jobPortalUserNamePwdAuthenticationProvider"}{"timestamp":"2026-05-29 02:12:49","level":"INFO","logger":"org.apache.coyote.http11.Http11NioProtocol","message":"Starting ProtocolHandler ["http-nio-8080"]"}{"timestamp":"2026-05-29 02:12:49","level":"INFO","logger":"org.springframework.boot.tomcat.TomcatWebServer","message":"Tomcat started on port 8080 (http) with context path '/'"}{"timestamp":"2026-05-29 02:12:49","level":"INFO","logger":"com.sp.jobportal.Application","message":"Started Application in 18.689 seconds (process running for 20.119)"}{"timestamp":"2026-05-29 02:12:49","level":"WARN","logger":"org.springdoc.core.events.SpringDocAppInitializer","message":"SpringDoc /v3/api-docs endpoint is enabled by default. To disable it in production, set the property 'springdoc.api-docs.enabled=false'"}{"timestamp":"2026-05-29 02:12:49","level":"WARN","logger":"org.springdoc.core.events.SpringDocAppInitializer","message":"SpringDoc /swagger-ui.html endpoint is enabled by default. To disable it in production, set the property 'springdoc.swagger-ui.enabled=false'"}{"timestamp":"2026-05-29 02:13:16","level":"INFO","logger":"com.sp.jobportal.Application","message":"Starting Application using Java 21.0.8 with PID 8368 (D:\JAVA\UDemy\Spring7-SpringBoot4\Section14\jobportal14\target\classes started by abcd in D:\JAVA\UDemy\Spring7-SpringBoot4\Section14\jobportal14)"}{"timestamp":"2026-05-29 02:13:16","level":"DEBUG","logger":"com.sp.jobportal.Application","message":"Running with Spring Boot v4.0.5, Spring v7.0.6"}{"timestamp":"2026-05-29 02:13:16","level":"INFO","logger":"com.sp.jobportal.Application","message":"No active profile set, falling back to 1 default profile: "default""}{"timestamp":"2026-05-29 02:13:16","level":"INFO","logger":"org.springframework.boot.devtools.env.DevToolsPropertyDefaultsPostProcessor","message":"Devtools property defaults active! Set 'spring.devtools.add-properties' to 'false' to disable"}{"timestamp":"2026-05-29 02:13:16","level":"INFO","logger":"org.springframework.boot.devtools.env.DevToolsPropertyDefaultsPostProcessor","message":"For additional web related logging consider setting the 'logging.level.web' property to 'DEBUG'"}{"timestamp":"2026-05-29 02:13:17","level":"INFO","logger":"org.springframework.boot.docker.compose.lifecycle.DockerComposeLifecycleManager","message":"Using Docker Compose file D:\JAVA\UDemy\Spring7-SpringBoot4\Section14\jobportal14\compose.yml"}{"timestamp":"2026-05-29 02:13:17","level":"INFO","logger":"org.hibernate.validator.internal.util.Version","message":"HV000001: Hibernate Validator 9.0.1.Final"}{"timestamp":"2026-05-29 02:13:18","level":"INFO","logger":"org.springframework.boot.docker.compose.lifecycle.DockerComposeLifecycleManager","message":"There are already Docker Compose services running, skipping startup"}{"timestamp":"2026-05-29 02:13:20","level":"INFO","logger":"org.springframework.data.repository.config.RepositoryConfigurationDelegate","message":"Bootstrapping Spring Data JPA repositories in DEFAULT mode."}{"timestamp":"2026-05-29 02:13:20","level":"INFO","logger":"org.springframework.data.repository.config.RepositoryConfigurationDelegate","message":"Finished Spring Data repository scanning in 117 ms. Found 4 JPA repository interfaces."}{"timestamp":"2026-05-29 02:13:22","level":"INFO","logger":"org.springframework.boot.tomcat.TomcatWebServer","message":"Tomcat initialized with port 8080 (http)"}{"timestamp":"2026-05-29 02:13:22","level":"INFO","logger":"org.apache.coyote.http11.Http11NioProtocol","message":"Initializing ProtocolHandler ["http-nio-8080"]"}{"timestamp":"2026-05-29 02:13:22","level":"INFO","logger":"org.apache.catalina.core.StandardService","message":"Starting service [Tomcat]"}{"timestamp":"2026-05-29 02:13:22","level":"INFO","logger":"org.apache.catalina.core.StandardEngine","message":"Starting Servlet engine: [Apache Tomcat/11.0.20]"}{"timestamp":"2026-05-29 02:13:22","level":"INFO","logger":"org.springframework.boot.web.context.servlet.WebApplicationContextInitializer","message":"Root WebApplicationContext: initialization completed in 3801 ms"}{"timestamp":"2026-05-29 02:13:23","level":"INFO","logger":"org.hibernate.orm.jpa","message":"HHH008540: Processing PersistenceUnitInfo [name: default]"}{"timestamp":"2026-05-29 02:13:23","level":"INFO","logger":"org.hibernate.orm.core","message":"HHH000001: Hibernate ORM core version 7.2.7.Final"}{"timestamp":"2026-05-29 02:13:24","level":"INFO","logger":"org.springframework.orm.jpa.persistenceunit.SpringPersistenceUnitInfo","message":"No LoadTimeWeaver setup: ignoring JPA class transformer"}{"timestamp":"2026-05-29 02:13:24","level":"INFO","logger":"com.zaxxer.hikari.HikariDataSource","message":"HikariPool-1 - Starting..."}{"timestamp":"2026-05-29 02:13:24","level":"INFO","logger":"com.zaxxer.hikari.pool.HikariPool","message":"HikariPool-1 - Added connection org.postgresql.jdbc.PgConnection@23bc273e"}{"timestamp":"2026-05-29 02:13:24","level":"INFO","logger":"com.zaxxer.hikari.HikariDataSource","message":"HikariPool-1 - Start completed."}{"timestamp":"2026-05-29 07:43:54","level":"INFO","logger":"com.sp.jobportal.Application","message":"Starting Application using Java 21.0.8 with PID 424 (D:\JAVA\UDemy\Spring7-SpringBoot4\Section14\jobportal14\target\classes started by abcd in D:\JAVA\UDemy\Spring7-SpringBoot4\Section14\jobportal14)"}{"timestamp":"2026-05-29 07:43:54","level":"DEBUG","logger":"com.sp.jobportal.Application","message":"Running with Spring Boot v4.0.5, Spring v7.0.6"}{"timestamp":"2026-05-29 07:43:54","level":"INFO","logger":"com.sp.jobportal.Application","message":"No active profile set, falling back to 1 default profile: "default""}{"timestamp":"2026-05-29 07:43:54","level":"INFO","logger":"org.springframework.boot.devtools.env.DevToolsPropertyDefaultsPostProcessor","message":"Devtools property defaults active! Set 'spring.devtools.add-properties' to 'false' to disable"}{"timestamp":"2026-05-29 07:43:54","level":"INFO","logger":"org.springframework.boot.devtools.env.DevToolsPropertyDefaultsPostProcessor","message":"For additional web related logging consider setting the 'logging.level.web' property to 'DEBUG'"}{"timestamp":"2026-05-29 07:43:54","level":"INFO","logger":"org.springframework.boot.docker.compose.lifecycle.DockerComposeLifecycleManager","message":"Using Docker Compose file D:\JAVA\UDemy\Spring7-SpringBoot4\Section14\jobportal14\compose.yml"}{"timestamp":"2026-05-29 07:43:55","level":"INFO","logger":"org.hibernate.validator.internal.util.Version","message":"HV000001: Hibernate Validator 9.0.1.Final"}{"timestamp":"2026-05-29 07:43:55","level":"INFO","logger":"org.springframework.boot.docker.compose.lifecycle.DockerComposeLifecycleManager","message":"There are already Docker Compose services running, skipping startup"}{"timestamp":"2026-05-29 07:43:56","level":"INFO","logger":"org.springframework.data.repository.config.RepositoryConfigurationDelegate","message":"Bootstrapping Spring Data JPA repositories in DEFAULT mode."}{"timestamp":"2026-05-29 07:43:57","level":"INFO","logger":"org.springframework.data.repository.config.RepositoryConfigurationDelegate","message":"Finished Spring Data repository scanning in 95 ms. Found 4 JPA repository interfaces."}{"timestamp":"2026-05-29 07:43:57","level":"INFO","logger":"org.springframework.boot.tomcat.TomcatWebServer","message":"Tomcat initialized with port 8080 (http)"}{"timestamp":"2026-05-29 07:43:57","level":"INFO","logger":"org.apache.coyote.http11.Http11NioProtocol","message":"Initializing ProtocolHandler ["http-nio-8080"]"}{"timestamp":"2026-05-29 07:43:57","level":"INFO","logger":"org.apache.catalina.core.StandardService","message":"Starting service [Tomcat]"}{"timestamp":"2026-05-29 07:43:57","level":"INFO","logger":"org.apache.catalina.core.StandardEngine","message":"Starting Servlet engine: [Apache Tomcat/11.0.20]"}{"timestamp":"2026-05-29 07:43:57","level":"INFO","logger":"org.springframework.boot.web.context.servlet.WebApplicationContextInitializer","message":"Root WebApplicationContext: initialization completed in 2059 ms"}{"timestamp":"2026-05-29 07:43:58","level":"INFO","logger":"org.hibernate.orm.jpa","message":"HHH008540: Processing PersistenceUnitInfo [name: default]"}{"timestamp":"2026-05-29 07:43:58","level":"INFO","logger":"org.hibernate.orm.core","message":"HHH000001: Hibernate ORM core version 7.2.7.Final"}{"timestamp":"2026-05-29 07:43:58","level":"INFO","logger":"org.springframework.orm.jpa.persistenceunit.SpringPersistenceUnitInfo","message":"No LoadTimeWeaver setup: ignoring JPA class transformer"}{"timestamp":"2026-05-29 07:43:58","level":"INFO","logger":"com.zaxxer.hikari.HikariDataSource","message":"HikariPool-1 - Starting..."}{"timestamp":"2026-05-29 07:44:00","level":"WARN","logger":"org.hibernate.orm.jdbc.error","message":"HHH000247: ErrorCode: 0, SQLState: 22023"}{"timestamp":"2026-05-29 07:44:00","level":"WARN","logger":"org.hibernate.orm.jdbc.error","message":"FATAL: invalid value for parameter "TimeZone": "Asia/Calcutta""}{"timestamp":"2026-05-29 07:44:00","level":"WARN","logger":"org.hibernate.orm.jdbc","message":"HHH100046: Could not obtain connection to query JDBC database metadata"}org.hibernate.exception.DataException: Unable to obtain isolated JDBC connection [FATAL: invalid value for parameter "TimeZone": "Asia/Calcutta"] [n/a]
	at org.hibernate.exception.internal.SQLStateConversionDelegate.convert(SQLStateConversionDelegate.java:84)
	at org.hibernate.exception.internal.StandardSQLExceptionConverter.convert(StandardSQLExceptionConverter.java:34)
	at org.hibernate.engine.jdbc.spi.SqlExceptionHelper.convert(SqlExceptionHelper.java:115)
	at org.hibernate.engine.jdbc.spi.SqlExceptionHelper.convert(SqlExceptionHelper.java:101)
	at org.hibernate.resource.transaction.backend.jdbc.internal.JdbcIsolationDelegate.delegateWork(JdbcIsolationDelegate.java:51)
	at org.hibernate.engine.jdbc.env.internal.JdbcEnvironmentInitiator.getJdbcEnvironmentUsingJdbcMetadata(JdbcEnvironmentInitiator.java:366)
	at org.hibernate.engine.jdbc.env.internal.JdbcEnvironmentInitiator.getJdbcEnvironment(JdbcEnvironmentInitiator.java:143)
	at org.hibernate.engine.jdbc.env.internal.JdbcEnvironmentInitiator.initiateService(JdbcEnvironmentInitiator.java:120)
	at org.hibernate.engine.jdbc.env.internal.JdbcEnvironmentInitiator.initiateService(JdbcEnvironmentInitiator.java:80)
	at org.hibernate.boot.registry.internal.StandardServiceRegistryImpl.initiateService(StandardServiceRegistryImpl.java:133)
	at org.hibernate.service.internal.AbstractServiceRegistryImpl.createService(AbstractServiceRegistryImpl.java:260)
	at org.hibernate.service.internal.AbstractServiceRegistryImpl.initializeService(AbstractServiceRegistryImpl.java:235)
	at org.hibernate.service.internal.AbstractServiceRegistryImpl.getService(AbstractServiceRegistryImpl.java:212)
	at org.hibernate.boot.model.relational.Database.<init>(Database.java:44)
	at org.hibernate.boot.internal.InFlightMetadataCollectorImpl.getDatabase(InFlightMetadataCollectorImpl.java:251)
	at org.hibernate.boot.internal.InFlightMetadataCollectorImpl.<init>(InFlightMetadataCollectorImpl.java:203)
	at org.hibernate.boot.model.process.spi.MetadataBuildingProcess.complete(MetadataBuildingProcess.java:172)
	at org.hibernate.jpa.boot.internal.EntityManagerFactoryBuilderImpl.metadata(EntityManagerFactoryBuilderImpl.java:1392)
	at org.hibernate.jpa.boot.internal.EntityManagerFactoryBuilderImpl.populateSessionFactoryBuilder(EntityManagerFactoryBuilderImpl.java:1472)
	at org.hibernate.jpa.boot.internal.EntityManagerFactoryBuilderImpl.build(EntityManagerFactoryBuilderImpl.java:1454)
	at org.springframework.orm.jpa.vendor.SpringHibernateJpaPersistenceProvider.createContainerEntityManagerFactory(SpringHibernateJpaPersistenceProvider.java:93)
	at org.springframework.orm.jpa.LocalContainerEntityManagerFactoryBean.createNativeEntityManagerFactory(LocalContainerEntityManagerFactoryBean.java:443)
	at org.springframework.orm.jpa.AbstractEntityManagerFactoryBean.buildNativeEntityManagerFactory(AbstractEntityManagerFactoryBean.java:436)
	at org.springframework.orm.jpa.AbstractEntityManagerFactoryBean.afterPropertiesSet(AbstractEntityManagerFactoryBean.java:411)
	at org.springframework.orm.jpa.LocalContainerEntityManagerFactoryBean.afterPropertiesSet(LocalContainerEntityManagerFactoryBean.java:419)
	at org.springframework.beans.factory.support.AbstractAutowireCapableBeanFactory.invokeInitMethods(AbstractAutowireCapableBeanFactory.java:1864)
	at org.springframework.beans.factory.support.AbstractAutowireCapableBeanFactory.initializeBean(AbstractAutowireCapableBeanFactory.java:1813)
	at org.springframework.beans.factory.support.AbstractAutowireCapableBeanFactory.doCreateBean(AbstractAutowireCapableBeanFactory.java:603)
	at org.springframework.beans.factory.support.AbstractAutowireCapableBeanFactory.createBean(AbstractAutowireCapableBeanFactory.java:525)
	at org.springframework.beans.factory.support.AbstractBeanFactory.lambda$doGetBean$0(AbstractBeanFactory.java:333)
	at org.springframework.beans.factory.support.DefaultSingletonBeanRegistry.getSingleton(DefaultSingletonBeanRegistry.java:371)
	at org.springframework.beans.factory.support.AbstractBeanFactory.doGetBean(AbstractBeanFactory.java:331)
	at org.springframework.beans.factory.support.AbstractBeanFactory.getBean(AbstractBeanFactory.java:201)
	at org.springframework.context.support.AbstractApplicationContext.finishBeanFactoryInitialization(AbstractApplicationContext.java:977)
	at org.springframework.context.support.AbstractApplicationContext.refresh(AbstractApplicationContext.java:621)
	at org.springframework.boot.web.server.servlet.context.ServletWebServerApplicationContext.refresh(ServletWebServerApplicationContext.java:143)
	at org.springframework.boot.SpringApplication.refresh(SpringApplication.java:756)
	at org.springframework.boot.SpringApplication.refreshContext(SpringApplication.java:445)
	at org.springframework.boot.SpringApplication.run(SpringApplication.java:321)
	at org.springframework.boot.SpringApplication.run(SpringApplication.java:1365)
	at org.springframework.boot.SpringApplication.run(SpringApplication.java:1354)
	at com.sp.jobportal.Application.main(Application.java:17)
	at java.base/jdk.internal.reflect.DirectMethodHandleAccessor.invoke(DirectMethodHandleAccessor.java:103)
	at java.base/java.lang.reflect.Method.invoke(Method.java:580)
	at org.springframework.boot.devtools.restart.RestartLauncher.run(RestartLauncher.java:52)
Caused by: org.postgresql.util.PSQLException: FATAL: invalid value for parameter "TimeZone": "Asia/Calcutta"
	at org.postgresql.core.v3.QueryExecutorImpl.receiveErrorResponse(QueryExecutorImpl.java:2875)
	at org.postgresql.core.v3.QueryExecutorImpl.readStartupMessages(QueryExecutorImpl.java:3000)
	at org.postgresql.core.v3.QueryExecutorImpl.<init>(QueryExecutorImpl.java:235)
	at org.postgresql.core.v3.ConnectionFactoryImpl.openConnectionImpl(ConnectionFactoryImpl.java:344)
	at org.postgresql.core.ConnectionFactory.openConnection(ConnectionFactory.java:57)
	at org.postgresql.jdbc.PgConnection.<init>(PgConnection.java:290)
	at org.postgresql.Driver.makeConnection(Driver.java:448)
	at org.postgresql.Driver.connect(Driver.java:298)
	at com.zaxxer.hikari.util.DriverDataSource.getConnection(DriverDataSource.java:144)
	at com.zaxxer.hikari.pool.PoolBase.newConnection(PoolBase.java:373)
	at com.zaxxer.hikari.pool.PoolBase.newPoolEntry(PoolBase.java:210)
	at com.zaxxer.hikari.pool.HikariPool.createPoolEntry(HikariPool.java:488)
	at com.zaxxer.hikari.pool.HikariPool.checkFailFast(HikariPool.java:576)
	at com.zaxxer.hikari.pool.HikariPool.<init>(HikariPool.java:97)
	at com.zaxxer.hikari.HikariDataSource.getConnection(HikariDataSource.java:111)
	at org.hibernate.engine.jdbc.connections.internal.DataSourceConnectionProvider.getConnection(DataSourceConnectionProvider.java:137)
	at org.hibernate.engine.jdbc.env.internal.JdbcEnvironmentInitiator$ConnectionProviderJdbcConnectionAccess.obtainConnection(JdbcEnvironmentInitiator.java:508)
	at org.hibernate.resource.transaction.backend.jdbc.internal.JdbcIsolationDelegate.delegateWork(JdbcIsolationDelegate.java:48)
	... 40 common frames omitted
{"timestamp":"2026-05-29 07:44:00","level":"ERROR","logger":"org.springframework.orm.jpa.LocalContainerEntityManagerFactoryBean","message":"Failed to initialize JPA EntityManagerFactory: Unable to create requested service [org.hibernate.engine.jdbc.env.spi.JdbcEnvironment] due to: Unable to determine Dialect without JDBC metadata (please set 'jakarta.persistence.jdbc.url' for common cases or 'hibernate.dialect' when a custom Dialect implementation must be provided)"}{"timestamp":"2026-05-29 07:44:00","level":"WARN","logger":"org.springframework.boot.web.server.servlet.context.AnnotationConfigServletWebServerApplicationContext","message":"Exception encountered during context initialization - cancelling refresh attempt: org.springframework.beans.factory.BeanCreationException: Error creating bean with name 'entityManagerFactory' defined in class path resource [org/springframework/boot/hibernate/autoconfigure/HibernateJpaConfiguration.class]: Unable to create requested service [org.hibernate.engine.jdbc.env.spi.JdbcEnvironment] due to: Unable to determine Dialect without JDBC metadata (please set 'jakarta.persistence.jdbc.url' for common cases or 'hibernate.dialect' when a custom Dialect implementation must be provided)"}{"timestamp":"2026-05-29 07:44:00","level":"INFO","logger":"org.apache.catalina.core.StandardService","message":"Stopping service [Tomcat]"}{"timestamp":"2026-05-29 07:44:00","level":"INFO","logger":"org.springframework.boot.autoconfigure.logging.ConditionEvaluationReportLogger","message":"

Error starting ApplicationContext. To display the condition evaluation report re-run your application with 'debug' enabled."}{"timestamp":"2026-05-29 07:44:00","level":"ERROR","logger":"org.springframework.boot.SpringApplication","message":"Application run failed"}org.springframework.beans.factory.BeanCreationException: Error creating bean with name 'entityManagerFactory' defined in class path resource [org/springframework/boot/hibernate/autoconfigure/HibernateJpaConfiguration.class]: Unable to create requested service [org.hibernate.engine.jdbc.env.spi.JdbcEnvironment] due to: Unable to determine Dialect without JDBC metadata (please set 'jakarta.persistence.jdbc.url' for common cases or 'hibernate.dialect' when a custom Dialect implementation must be provided)
	at org.springframework.beans.factory.support.AbstractAutowireCapableBeanFactory.initializeBean(AbstractAutowireCapableBeanFactory.java:1817)
	at org.springframework.beans.factory.support.AbstractAutowireCapableBeanFactory.doCreateBean(AbstractAutowireCapableBeanFactory.java:603)
	at org.springframework.beans.factory.support.AbstractAutowireCapableBeanFactory.createBean(AbstractAutowireCapableBeanFactory.java:525)
	at org.springframework.beans.factory.support.AbstractBeanFactory.lambda$doGetBean$0(AbstractBeanFactory.java:333)
	at org.springframework.beans.factory.support.DefaultSingletonBeanRegistry.getSingleton(DefaultSingletonBeanRegistry.java:371)
	at org.springframework.beans.factory.support.AbstractBeanFactory.doGetBean(AbstractBeanFactory.java:331)
	at org.springframework.beans.factory.support.AbstractBeanFactory.getBean(AbstractBeanFactory.java:201)
	at org.springframework.context.support.AbstractApplicationContext.finishBeanFactoryInitialization(AbstractApplicationContext.java:977)
	at org.springframework.context.support.AbstractApplicationContext.refresh(AbstractApplicationContext.java:621)
	at org.springframework.boot.web.server.servlet.context.ServletWebServerApplicationContext.refresh(ServletWebServerApplicationContext.java:143)
	at org.springframework.boot.SpringApplication.refresh(SpringApplication.java:756)
	at org.springframework.boot.SpringApplication.refreshContext(SpringApplication.java:445)
	at org.springframework.boot.SpringApplication.run(SpringApplication.java:321)
	at org.springframework.boot.SpringApplication.run(SpringApplication.java:1365)
	at org.springframework.boot.SpringApplication.run(SpringApplication.java:1354)
	at com.sp.jobportal.Application.main(Application.java:17)
	at java.base/jdk.internal.reflect.DirectMethodHandleAccessor.invoke(DirectMethodHandleAccessor.java:103)
	at java.base/java.lang.reflect.Method.invoke(Method.java:580)
	at org.springframework.boot.devtools.restart.RestartLauncher.run(RestartLauncher.java:52)
Caused by: org.hibernate.service.spi.ServiceException: Unable to create requested service [org.hibernate.engine.jdbc.env.spi.JdbcEnvironment] due to: Unable to determine Dialect without JDBC metadata (please set 'jakarta.persistence.jdbc.url' for common cases or 'hibernate.dialect' when a custom Dialect implementation must be provided)
	at org.hibernate.service.internal.AbstractServiceRegistryImpl.createService(AbstractServiceRegistryImpl.java:273)
	at org.hibernate.service.internal.AbstractServiceRegistryImpl.initializeService(AbstractServiceRegistryImpl.java:235)
	at org.hibernate.service.internal.AbstractServiceRegistryImpl.getService(AbstractServiceRegistryImpl.java:212)
	at org.hibernate.boot.model.relational.Database.<init>(Database.java:44)
	at org.hibernate.boot.internal.InFlightMetadataCollectorImpl.getDatabase(InFlightMetadataCollectorImpl.java:251)
	at org.hibernate.boot.internal.InFlightMetadataCollectorImpl.<init>(InFlightMetadataCollectorImpl.java:203)
	at org.hibernate.boot.model.process.spi.MetadataBuildingProcess.complete(MetadataBuildingProcess.java:172)
	at org.hibernate.jpa.boot.internal.EntityManagerFactoryBuilderImpl.metadata(EntityManagerFactoryBuilderImpl.java:1392)
	at org.hibernate.jpa.boot.internal.EntityManagerFactoryBuilderImpl.populateSessionFactoryBuilder(EntityManagerFactoryBuilderImpl.java:1472)
	at org.hibernate.jpa.boot.internal.EntityManagerFactoryBuilderImpl.build(EntityManagerFactoryBuilderImpl.java:1454)
	at org.springframework.orm.jpa.vendor.SpringHibernateJpaPersistenceProvider.createContainerEntityManagerFactory(SpringHibernateJpaPersistenceProvider.java:93)
	at org.springframework.orm.jpa.LocalContainerEntityManagerFactoryBean.createNativeEntityManagerFactory(LocalContainerEntityManagerFactoryBean.java:443)
	at org.springframework.orm.jpa.AbstractEntityManagerFactoryBean.buildNativeEntityManagerFactory(AbstractEntityManagerFactoryBean.java:436)
	at org.springframework.orm.jpa.AbstractEntityManagerFactoryBean.afterPropertiesSet(AbstractEntityManagerFactoryBean.java:411)
	at org.springframework.orm.jpa.LocalContainerEntityManagerFactoryBean.afterPropertiesSet(LocalContainerEntityManagerFactoryBean.java:419)
	at org.springframework.beans.factory.support.AbstractAutowireCapableBeanFactory.invokeInitMethods(AbstractAutowireCapableBeanFactory.java:1864)
	at org.springframework.beans.factory.support.AbstractAutowireCapableBeanFactory.initializeBean(AbstractAutowireCapableBeanFactory.java:1813)
	... 18 common frames omitted
Caused by: org.hibernate.HibernateException: Unable to determine Dialect without JDBC metadata (please set 'jakarta.persistence.jdbc.url' for common cases or 'hibernate.dialect' when a custom Dialect implementation must be provided)
	at org.hibernate.engine.jdbc.dialect.internal.DialectFactoryImpl.determineDialect(DialectFactoryImpl.java:190)
	at org.hibernate.engine.jdbc.dialect.internal.DialectFactoryImpl.buildDialect(DialectFactoryImpl.java:86)
	at org.hibernate.engine.jdbc.env.internal.JdbcEnvironmentInitiator.getJdbcEnvironmentWithDefaults(JdbcEnvironmentInitiator.java:200)
	at org.hibernate.engine.jdbc.env.internal.JdbcEnvironmentInitiator.getJdbcEnvironmentUsingJdbcMetadata(JdbcEnvironmentInitiator.java:452)
	at org.hibernate.engine.jdbc.env.internal.JdbcEnvironmentInitiator.getJdbcEnvironment(JdbcEnvironmentInitiator.java:143)
	at org.hibernate.engine.jdbc.env.internal.JdbcEnvironmentInitiator.initiateService(JdbcEnvironmentInitiator.java:120)
	at org.hibernate.engine.jdbc.env.internal.JdbcEnvironmentInitiator.initiateService(JdbcEnvironmentInitiator.java:80)
	at org.hibernate.boot.registry.internal.StandardServiceRegistryImpl.initiateService(StandardServiceRegistryImpl.java:133)
	at org.hibernate.service.internal.AbstractServiceRegistryImpl.createService(AbstractServiceRegistryImpl.java:260)
	... 34 common frames omitted
{"timestamp":"2026-05-29 07:44:28","level":"INFO","logger":"com.sp.jobportal.Application","message":"Starting Application using Java 21.0.8 with PID 3412 (D:\JAVA\UDemy\Spring7-SpringBoot4\Section14\jobportal14\target\classes started by abcd in D:\JAVA\UDemy\Spring7-SpringBoot4\Section14\jobportal14)"}{"timestamp":"2026-05-29 07:44:28","level":"DEBUG","logger":"com.sp.jobportal.Application","message":"Running with Spring Boot v4.0.5, Spring v7.0.6"}{"timestamp":"2026-05-29 07:44:28","level":"INFO","logger":"com.sp.jobportal.Application","message":"No active profile set, falling back to 1 default profile: "default""}{"timestamp":"2026-05-29 07:44:28","level":"INFO","logger":"org.springframework.boot.devtools.env.DevToolsPropertyDefaultsPostProcessor","message":"Devtools property defaults active! Set 'spring.devtools.add-properties' to 'false' to disable"}{"timestamp":"2026-05-29 07:44:28","level":"INFO","logger":"org.springframework.boot.devtools.env.DevToolsPropertyDefaultsPostProcessor","message":"For additional web related logging consider setting the 'logging.level.web' property to 'DEBUG'"}{"timestamp":"2026-05-29 07:44:28","level":"INFO","logger":"org.springframework.boot.docker.compose.lifecycle.DockerComposeLifecycleManager","message":"Using Docker Compose file D:\JAVA\UDemy\Spring7-SpringBoot4\Section14\jobportal14\compose.yml"}{"timestamp":"2026-05-29 07:44:28","level":"INFO","logger":"org.hibernate.validator.internal.util.Version","message":"HV000001: Hibernate Validator 9.0.1.Final"}{"timestamp":"2026-05-29 07:44:29","level":"INFO","logger":"org.springframework.boot.docker.compose.lifecycle.DockerComposeLifecycleManager","message":"There are already Docker Compose services running, skipping startup"}{"timestamp":"2026-05-29 07:44:30","level":"INFO","logger":"org.springframework.data.repository.config.RepositoryConfigurationDelegate","message":"Bootstrapping Spring Data JPA repositories in DEFAULT mode."}{"timestamp":"2026-05-29 07:44:30","level":"INFO","logger":"org.springframework.data.repository.config.RepositoryConfigurationDelegate","message":"Finished Spring Data repository scanning in 70 ms. Found 4 JPA repository interfaces."}{"timestamp":"2026-05-29 07:44:31","level":"INFO","logger":"org.springframework.boot.tomcat.TomcatWebServer","message":"Tomcat initialized with port 8080 (http)"}{"timestamp":"2026-05-29 07:44:31","level":"INFO","logger":"org.apache.coyote.http11.Http11NioProtocol","message":"Initializing ProtocolHandler ["http-nio-8080"]"}{"timestamp":"2026-05-29 07:44:31","level":"INFO","logger":"org.apache.catalina.core.StandardService","message":"Starting service [Tomcat]"}{"timestamp":"2026-05-29 07:44:31","level":"INFO","logger":"org.apache.catalina.core.StandardEngine","message":"Starting Servlet engine: [Apache Tomcat/11.0.20]"}{"timestamp":"2026-05-29 07:44:31","level":"INFO","logger":"org.springframework.boot.web.context.servlet.WebApplicationContextInitializer","message":"Root WebApplicationContext: initialization completed in 1880 ms"}{"timestamp":"2026-05-29 07:44:31","level":"INFO","logger":"org.hibernate.orm.jpa","message":"HHH008540: Processing PersistenceUnitInfo [name: default]"}{"timestamp":"2026-05-29 07:44:31","level":"INFO","logger":"org.hibernate.orm.core","message":"HHH000001: Hibernate ORM core version 7.2.7.Final"}{"timestamp":"2026-05-29 07:44:32","level":"INFO","logger":"org.springframework.orm.jpa.persistenceunit.SpringPersistenceUnitInfo","message":"No LoadTimeWeaver setup: ignoring JPA class transformer"}{"timestamp":"2026-05-29 07:44:32","level":"INFO","logger":"com.zaxxer.hikari.HikariDataSource","message":"HikariPool-1 - Starting..."}{"timestamp":"2026-05-29 07:44:33","level":"WARN","logger":"org.hibernate.orm.jdbc.error","message":"HHH000247: ErrorCode: 0, SQLState: 22023"}{"timestamp":"2026-05-29 07:44:33","level":"WARN","logger":"org.hibernate.orm.jdbc.error","message":"FATAL: invalid value for parameter "TimeZone": "Asia/Calcutta""}{"timestamp":"2026-05-29 07:44:33","level":"WARN","logger":"org.hibernate.orm.jdbc","message":"HHH100046: Could not obtain connection to query JDBC database metadata"}org.hibernate.exception.DataException: Unable to obtain isolated JDBC connection [FATAL: invalid value for parameter "TimeZone": "Asia/Calcutta"] [n/a]
	at org.hibernate.exception.internal.SQLStateConversionDelegate.convert(SQLStateConversionDelegate.java:84)
	at org.hibernate.exception.internal.StandardSQLExceptionConverter.convert(StandardSQLExceptionConverter.java:34)
	at org.hibernate.engine.jdbc.spi.SqlExceptionHelper.convert(SqlExceptionHelper.java:115)
	at org.hibernate.engine.jdbc.spi.SqlExceptionHelper.convert(SqlExceptionHelper.java:101)
	at org.hibernate.resource.transaction.backend.jdbc.internal.JdbcIsolationDelegate.delegateWork(JdbcIsolationDelegate.java:51)
	at org.hibernate.engine.jdbc.env.internal.JdbcEnvironmentInitiator.getJdbcEnvironmentUsingJdbcMetadata(JdbcEnvironmentInitiator.java:366)
	at org.hibernate.engine.jdbc.env.internal.JdbcEnvironmentInitiator.getJdbcEnvironment(JdbcEnvironmentInitiator.java:143)
	at org.hibernate.engine.jdbc.env.internal.JdbcEnvironmentInitiator.initiateService(JdbcEnvironmentInitiator.java:120)
	at org.hibernate.engine.jdbc.env.internal.JdbcEnvironmentInitiator.initiateService(JdbcEnvironmentInitiator.java:80)
	at org.hibernate.boot.registry.internal.StandardServiceRegistryImpl.initiateService(StandardServiceRegistryImpl.java:133)
	at org.hibernate.service.internal.AbstractServiceRegistryImpl.createService(AbstractServiceRegistryImpl.java:260)
	at org.hibernate.service.internal.AbstractServiceRegistryImpl.initializeService(AbstractServiceRegistryImpl.java:235)
	at org.hibernate.service.internal.AbstractServiceRegistryImpl.getService(AbstractServiceRegistryImpl.java:212)
	at org.hibernate.boot.model.relational.Database.<init>(Database.java:44)
	at org.hibernate.boot.internal.InFlightMetadataCollectorImpl.getDatabase(InFlightMetadataCollectorImpl.java:251)
	at org.hibernate.boot.internal.InFlightMetadataCollectorImpl.<init>(InFlightMetadataCollectorImpl.java:203)
	at org.hibernate.boot.model.process.spi.MetadataBuildingProcess.complete(MetadataBuildingProcess.java:172)
	at org.hibernate.jpa.boot.internal.EntityManagerFactoryBuilderImpl.metadata(EntityManagerFactoryBuilderImpl.java:1392)
	at org.hibernate.jpa.boot.internal.EntityManagerFactoryBuilderImpl.populateSessionFactoryBuilder(EntityManagerFactoryBuilderImpl.java:1472)
	at org.hibernate.jpa.boot.internal.EntityManagerFactoryBuilderImpl.build(EntityManagerFactoryBuilderImpl.java:1454)
	at org.springframework.orm.jpa.vendor.SpringHibernateJpaPersistenceProvider.createContainerEntityManagerFactory(SpringHibernateJpaPersistenceProvider.java:93)
	at org.springframework.orm.jpa.LocalContainerEntityManagerFactoryBean.createNativeEntityManagerFactory(LocalContainerEntityManagerFactoryBean.java:443)
	at org.springframework.orm.jpa.AbstractEntityManagerFactoryBean.buildNativeEntityManagerFactory(AbstractEntityManagerFactoryBean.java:436)
	at org.springframework.orm.jpa.AbstractEntityManagerFactoryBean.afterPropertiesSet(AbstractEntityManagerFactoryBean.java:411)
	at org.springframework.orm.jpa.LocalContainerEntityManagerFactoryBean.afterPropertiesSet(LocalContainerEntityManagerFactoryBean.java:419)
	at org.springframework.beans.factory.support.AbstractAutowireCapableBeanFactory.invokeInitMethods(AbstractAutowireCapableBeanFactory.java:1864)
	at org.springframework.beans.factory.support.AbstractAutowireCapableBeanFactory.initializeBean(AbstractAutowireCapableBeanFactory.java:1813)
	at org.springframework.beans.factory.support.AbstractAutowireCapableBeanFactory.doCreateBean(AbstractAutowireCapableBeanFactory.java:603)
	at org.springframework.beans.factory.support.AbstractAutowireCapableBeanFactory.createBean(AbstractAutowireCapableBeanFactory.java:525)
	at org.springframework.beans.factory.support.AbstractBeanFactory.lambda$doGetBean$0(AbstractBeanFactory.java:333)
	at org.springframework.beans.factory.support.DefaultSingletonBeanRegistry.getSingleton(DefaultSingletonBeanRegistry.java:371)
	at org.springframework.beans.factory.support.AbstractBeanFactory.doGetBean(AbstractBeanFactory.java:331)
	at org.springframework.beans.factory.support.AbstractBeanFactory.getBean(AbstractBeanFactory.java:201)
	at org.springframework.context.support.AbstractApplicationContext.finishBeanFactoryInitialization(AbstractApplicationContext.java:977)
	at org.springframework.context.support.AbstractApplicationContext.refresh(AbstractApplicationContext.java:621)
	at org.springframework.boot.web.server.servlet.context.ServletWebServerApplicationContext.refresh(ServletWebServerApplicationContext.java:143)
	at org.springframework.boot.SpringApplication.refresh(SpringApplication.java:756)
	at org.springframework.boot.SpringApplication.refreshContext(SpringApplication.java:445)
	at org.springframework.boot.SpringApplication.run(SpringApplication.java:321)
	at org.springframework.boot.SpringApplication.run(SpringApplication.java:1365)
	at org.springframework.boot.SpringApplication.run(SpringApplication.java:1354)
	at com.sp.jobportal.Application.main(Application.java:17)
	at java.base/jdk.internal.reflect.DirectMethodHandleAccessor.invoke(DirectMethodHandleAccessor.java:103)
	at java.base/java.lang.reflect.Method.invoke(Method.java:580)
	at org.springframework.boot.devtools.restart.RestartLauncher.run(RestartLauncher.java:52)
Caused by: org.postgresql.util.PSQLException: FATAL: invalid value for parameter "TimeZone": "Asia/Calcutta"
	at org.postgresql.core.v3.QueryExecutorImpl.receiveErrorResponse(QueryExecutorImpl.java:2875)
	at org.postgresql.core.v3.QueryExecutorImpl.readStartupMessages(QueryExecutorImpl.java:3000)
	at org.postgresql.core.v3.QueryExecutorImpl.<init>(QueryExecutorImpl.java:235)
	at org.postgresql.core.v3.ConnectionFactoryImpl.openConnectionImpl(ConnectionFactoryImpl.java:344)
	at org.postgresql.core.ConnectionFactory.openConnection(ConnectionFactory.java:57)
	at org.postgresql.jdbc.PgConnection.<init>(PgConnection.java:290)
	at org.postgresql.Driver.makeConnection(Driver.java:448)
	at org.postgresql.Driver.connect(Driver.java:298)
	at com.zaxxer.hikari.util.DriverDataSource.getConnection(DriverDataSource.java:144)
	at com.zaxxer.hikari.pool.PoolBase.newConnection(PoolBase.java:373)
	at com.zaxxer.hikari.pool.PoolBase.newPoolEntry(PoolBase.java:210)
	at com.zaxxer.hikari.pool.HikariPool.createPoolEntry(HikariPool.java:488)
	at com.zaxxer.hikari.pool.HikariPool.checkFailFast(HikariPool.java:576)
	at com.zaxxer.hikari.pool.HikariPool.<init>(HikariPool.java:97)
	at com.zaxxer.hikari.HikariDataSource.getConnection(HikariDataSource.java:111)
	at org.hibernate.engine.jdbc.connections.internal.DataSourceConnectionProvider.getConnection(DataSourceConnectionProvider.java:137)
	at org.hibernate.engine.jdbc.env.internal.JdbcEnvironmentInitiator$ConnectionProviderJdbcConnectionAccess.obtainConnection(JdbcEnvironmentInitiator.java:508)
	at org.hibernate.resource.transaction.backend.jdbc.internal.JdbcIsolationDelegate.delegateWork(JdbcIsolationDelegate.java:48)
	... 40 common frames omitted
{"timestamp":"2026-05-29 07:44:33","level":"ERROR","logger":"org.springframework.orm.jpa.LocalContainerEntityManagerFactoryBean","message":"Failed to initialize JPA EntityManagerFactory: Unable to create requested service [org.hibernate.engine.jdbc.env.spi.JdbcEnvironment] due to: Unable to determine Dialect without JDBC metadata (please set 'jakarta.persistence.jdbc.url' for common cases or 'hibernate.dialect' when a custom Dialect implementation must be provided)"}{"timestamp":"2026-05-29 07:44:33","level":"WARN","logger":"org.springframework.boot.web.server.servlet.context.AnnotationConfigServletWebServerApplicationContext","message":"Exception encountered during context initialization - cancelling refresh attempt: org.springframework.beans.factory.BeanCreationException: Error creating bean with name 'entityManagerFactory' defined in class path resource [org/springframework/boot/hibernate/autoconfigure/HibernateJpaConfiguration.class]: Unable to create requested service [org.hibernate.engine.jdbc.env.spi.JdbcEnvironment] due to: Unable to determine Dialect without JDBC metadata (please set 'jakarta.persistence.jdbc.url' for common cases or 'hibernate.dialect' when a custom Dialect implementation must be provided)"}{"timestamp":"2026-05-29 07:44:33","level":"INFO","logger":"org.apache.catalina.core.StandardService","message":"Stopping service [Tomcat]"}{"timestamp":"2026-05-29 07:44:33","level":"INFO","logger":"org.springframework.boot.autoconfigure.logging.ConditionEvaluationReportLogger","message":"

Error starting ApplicationContext. To display the condition evaluation report re-run your application with 'debug' enabled."}{"timestamp":"2026-05-29 07:44:33","level":"ERROR","logger":"org.springframework.boot.SpringApplication","message":"Application run failed"}org.springframework.beans.factory.BeanCreationException: Error creating bean with name 'entityManagerFactory' defined in class path resource [org/springframework/boot/hibernate/autoconfigure/HibernateJpaConfiguration.class]: Unable to create requested service [org.hibernate.engine.jdbc.env.spi.JdbcEnvironment] due to: Unable to determine Dialect without JDBC metadata (please set 'jakarta.persistence.jdbc.url' for common cases or 'hibernate.dialect' when a custom Dialect implementation must be provided)
	at org.springframework.beans.factory.support.AbstractAutowireCapableBeanFactory.initializeBean(AbstractAutowireCapableBeanFactory.java:1817)
	at org.springframework.beans.factory.support.AbstractAutowireCapableBeanFactory.doCreateBean(AbstractAutowireCapableBeanFactory.java:603)
	at org.springframework.beans.factory.support.AbstractAutowireCapableBeanFactory.createBean(AbstractAutowireCapableBeanFactory.java:525)
	at org.springframework.beans.factory.support.AbstractBeanFactory.lambda$doGetBean$0(AbstractBeanFactory.java:333)
	at org.springframework.beans.factory.support.DefaultSingletonBeanRegistry.getSingleton(DefaultSingletonBeanRegistry.java:371)
	at org.springframework.beans.factory.support.AbstractBeanFactory.doGetBean(AbstractBeanFactory.java:331)
	at org.springframework.beans.factory.support.AbstractBeanFactory.getBean(AbstractBeanFactory.java:201)
	at org.springframework.context.support.AbstractApplicationContext.finishBeanFactoryInitialization(AbstractApplicationContext.java:977)
	at org.springframework.context.support.AbstractApplicationContext.refresh(AbstractApplicationContext.java:621)
	at org.springframework.boot.web.server.servlet.context.ServletWebServerApplicationContext.refresh(ServletWebServerApplicationContext.java:143)
	at org.springframework.boot.SpringApplication.refresh(SpringApplication.java:756)
	at org.springframework.boot.SpringApplication.refreshContext(SpringApplication.java:445)
	at org.springframework.boot.SpringApplication.run(SpringApplication.java:321)
	at org.springframework.boot.SpringApplication.run(SpringApplication.java:1365)
	at org.springframework.boot.SpringApplication.run(SpringApplication.java:1354)
	at com.sp.jobportal.Application.main(Application.java:17)
	at java.base/jdk.internal.reflect.DirectMethodHandleAccessor.invoke(DirectMethodHandleAccessor.java:103)
	at java.base/java.lang.reflect.Method.invoke(Method.java:580)
	at org.springframework.boot.devtools.restart.RestartLauncher.run(RestartLauncher.java:52)
Caused by: org.hibernate.service.spi.ServiceException: Unable to create requested service [org.hibernate.engine.jdbc.env.spi.JdbcEnvironment] due to: Unable to determine Dialect without JDBC metadata (please set 'jakarta.persistence.jdbc.url' for common cases or 'hibernate.dialect' when a custom Dialect implementation must be provided)
	at org.hibernate.service.internal.AbstractServiceRegistryImpl.createService(AbstractServiceRegistryImpl.java:273)
	at org.hibernate.service.internal.AbstractServiceRegistryImpl.initializeService(AbstractServiceRegistryImpl.java:235)
	at org.hibernate.service.internal.AbstractServiceRegistryImpl.getService(AbstractServiceRegistryImpl.java:212)
	at org.hibernate.boot.model.relational.Database.<init>(Database.java:44)
	at org.hibernate.boot.internal.InFlightMetadataCollectorImpl.getDatabase(InFlightMetadataCollectorImpl.java:251)
	at org.hibernate.boot.internal.InFlightMetadataCollectorImpl.<init>(InFlightMetadataCollectorImpl.java:203)
	at org.hibernate.boot.model.process.spi.MetadataBuildingProcess.complete(MetadataBuildingProcess.java:172)
	at org.hibernate.jpa.boot.internal.EntityManagerFactoryBuilderImpl.metadata(EntityManagerFactoryBuilderImpl.java:1392)
	at org.hibernate.jpa.boot.internal.EntityManagerFactoryBuilderImpl.populateSessionFactoryBuilder(EntityManagerFactoryBuilderImpl.java:1472)
	at org.hibernate.jpa.boot.internal.EntityManagerFactoryBuilderImpl.build(EntityManagerFactoryBuilderImpl.java:1454)
	at org.springframework.orm.jpa.vendor.SpringHibernateJpaPersistenceProvider.createContainerEntityManagerFactory(SpringHibernateJpaPersistenceProvider.java:93)
	at org.springframework.orm.jpa.LocalContainerEntityManagerFactoryBean.createNativeEntityManagerFactory(LocalContainerEntityManagerFactoryBean.java:443)
	at org.springframework.orm.jpa.AbstractEntityManagerFactoryBean.buildNativeEntityManagerFactory(AbstractEntityManagerFactoryBean.java:436)
	at org.springframework.orm.jpa.AbstractEntityManagerFactoryBean.afterPropertiesSet(AbstractEntityManagerFactoryBean.java:411)
	at org.springframework.orm.jpa.LocalContainerEntityManagerFactoryBean.afterPropertiesSet(LocalContainerEntityManagerFactoryBean.java:419)
	at org.springframework.beans.factory.support.AbstractAutowireCapableBeanFactory.invokeInitMethods(AbstractAutowireCapableBeanFactory.java:1864)
	at org.springframework.beans.factory.support.AbstractAutowireCapableBeanFactory.initializeBean(AbstractAutowireCapableBeanFactory.java:1813)
	... 18 common frames omitted
Caused by: org.hibernate.HibernateException: Unable to determine Dialect without JDBC metadata (please set 'jakarta.persistence.jdbc.url' for common cases or 'hibernate.dialect' when a custom Dialect implementation must be provided)
	at org.hibernate.engine.jdbc.dialect.internal.DialectFactoryImpl.determineDialect(DialectFactoryImpl.java:190)
	at org.hibernate.engine.jdbc.dialect.internal.DialectFactoryImpl.buildDialect(DialectFactoryImpl.java:86)
	at org.hibernate.engine.jdbc.env.internal.JdbcEnvironmentInitiator.getJdbcEnvironmentWithDefaults(JdbcEnvironmentInitiator.java:200)
	at org.hibernate.engine.jdbc.env.internal.JdbcEnvironmentInitiator.getJdbcEnvironmentUsingJdbcMetadata(JdbcEnvironmentInitiator.java:452)
	at org.hibernate.engine.jdbc.env.internal.JdbcEnvironmentInitiator.getJdbcEnvironment(JdbcEnvironmentInitiator.java:143)
	at org.hibernate.engine.jdbc.env.internal.JdbcEnvironmentInitiator.initiateService(JdbcEnvironmentInitiator.java:120)
	at org.hibernate.engine.jdbc.env.internal.JdbcEnvironmentInitiator.initiateService(JdbcEnvironmentInitiator.java:80)
	at org.hibernate.boot.registry.internal.StandardServiceRegistryImpl.initiateService(StandardServiceRegistryImpl.java:133)
	at org.hibernate.service.internal.AbstractServiceRegistryImpl.createService(AbstractServiceRegistryImpl.java:260)
	... 34 common frames omitted
{"timestamp":"2026-05-29 02:15:17","level":"INFO","logger":"com.sp.jobportal.Application","message":"Starting Application using Java 21.0.8 with PID 14156 (D:\JAVA\UDemy\Spring7-SpringBoot4\Section14\jobportal14\target\classes started by abcd in D:\JAVA\UDemy\Spring7-SpringBoot4\Section14\jobportal14)"}{"timestamp":"2026-05-29 02:15:17","level":"DEBUG","logger":"com.sp.jobportal.Application","message":"Running with Spring Boot v4.0.5, Spring v7.0.6"}{"timestamp":"2026-05-29 02:15:17","level":"INFO","logger":"com.sp.jobportal.Application","message":"No active profile set, falling back to 1 default profile: "default""}{"timestamp":"2026-05-29 02:15:17","level":"INFO","logger":"org.springframework.boot.devtools.env.DevToolsPropertyDefaultsPostProcessor","message":"Devtools property defaults active! Set 'spring.devtools.add-properties' to 'false' to disable"}{"timestamp":"2026-05-29 02:15:17","level":"INFO","logger":"org.springframework.boot.devtools.env.DevToolsPropertyDefaultsPostProcessor","message":"For additional web related logging consider setting the 'logging.level.web' property to 'DEBUG'"}{"timestamp":"2026-05-29 02:15:17","level":"INFO","logger":"org.springframework.boot.docker.compose.lifecycle.DockerComposeLifecycleManager","message":"Using Docker Compose file D:\JAVA\UDemy\Spring7-SpringBoot4\Section14\jobportal14\compose.yml"}{"timestamp":"2026-05-29 02:15:18","level":"INFO","logger":"org.hibernate.validator.internal.util.Version","message":"HV000001: Hibernate Validator 9.0.1.Final"}{"timestamp":"2026-05-29 02:15:18","level":"INFO","logger":"org.springframework.boot.docker.compose.lifecycle.DockerComposeLifecycleManager","message":"There are already Docker Compose services running, skipping startup"}{"timestamp":"2026-05-29 02:15:19","level":"INFO","logger":"org.springframework.data.repository.config.RepositoryConfigurationDelegate","message":"Bootstrapping Spring Data JPA repositories in DEFAULT mode."}{"timestamp":"2026-05-29 02:15:19","level":"INFO","logger":"org.springframework.data.repository.config.RepositoryConfigurationDelegate","message":"Finished Spring Data repository scanning in 92 ms. Found 4 JPA repository interfaces."}{"timestamp":"2026-05-29 02:15:20","level":"INFO","logger":"org.springframework.boot.tomcat.TomcatWebServer","message":"Tomcat initialized with port 8080 (http)"}{"timestamp":"2026-05-29 02:15:20","level":"INFO","logger":"org.apache.coyote.http11.Http11NioProtocol","message":"Initializing ProtocolHandler ["http-nio-8080"]"}{"timestamp":"2026-05-29 02:15:20","level":"INFO","logger":"org.apache.catalina.core.StandardService","message":"Starting service [Tomcat]"}{"timestamp":"2026-05-29 02:15:20","level":"INFO","logger":"org.apache.catalina.core.StandardEngine","message":"Starting Servlet engine: [Apache Tomcat/11.0.20]"}{"timestamp":"2026-05-29 02:15:20","level":"INFO","logger":"org.springframework.boot.web.context.servlet.WebApplicationContextInitializer","message":"Root WebApplicationContext: initialization completed in 2187 ms"}{"timestamp":"2026-05-29 02:15:21","level":"INFO","logger":"org.hibernate.orm.jpa","message":"HHH008540: Processing PersistenceUnitInfo [name: default]"}{"timestamp":"2026-05-29 02:15:21","level":"INFO","logger":"org.hibernate.orm.core","message":"HHH000001: Hibernate ORM core version 7.2.7.Final"}{"timestamp":"2026-05-29 02:15:21","level":"INFO","logger":"org.springframework.orm.jpa.persistenceunit.SpringPersistenceUnitInfo","message":"No LoadTimeWeaver setup: ignoring JPA class transformer"}{"timestamp":"2026-05-29 02:15:21","level":"INFO","logger":"com.zaxxer.hikari.HikariDataSource","message":"HikariPool-1 - Starting..."}{"timestamp":"2026-05-29 02:15:22","level":"INFO","logger":"com.zaxxer.hikari.pool.HikariPool","message":"HikariPool-1 - Added connection org.postgresql.jdbc.PgConnection@1c500152"}{"timestamp":"2026-05-29 02:15:22","level":"INFO","logger":"com.zaxxer.hikari.HikariDataSource","message":"HikariPool-1 - Start completed."}{"timestamp":"2026-05-29 02:15:22","level":"INFO","logger":"org.hibernate.orm.connections.pooling","message":"HHH10001005: Database info:
	Database JDBC URL [jdbc:postgresql://127.0.0.1:5433/mydb]
	Database driver: PostgreSQL JDBC Driver
	Database dialect: PostgreSQLDialect
	Database version: 17.9
	Default catalog/schema: mydb/public
	Autocommit mode: undefined/unknown
	Isolation level: READ_COMMITTED [default READ_COMMITTED]
	JDBC fetch size: none
	Pool: DataSourceConnectionProvider
	Minimum pool size: undefined/unknown
	Maximum pool size: undefined/unknown"}{"timestamp":"2026-05-29 02:15:23","level":"INFO","logger":"org.hibernate.orm.core","message":"HHH000489: No JTA platform available (set 'hibernate.transaction.jta.platform' to enable JTA platform integration)"}{"timestamp":"2026-05-29 02:15:24","level":"INFO","logger":"org.springframework.orm.jpa.LocalContainerEntityManagerFactoryBean","message":"Initialized JPA EntityManagerFactory for persistence unit 'default'"}{"timestamp":"2026-05-29 02:15:24","level":"INFO","logger":"org.springframework.data.jpa.repository.query.QueryEnhancerFactories","message":"Hibernate is in classpath; If applicable, HQL parser will be used."}{"timestamp":"2026-05-29 02:15:25","level":"INFO","logger":"org.springframework.security.config.annotation.authentication.configuration.InitializeAuthenticationProviderBeanManagerConfigurer$InitializeAuthenticationProviderManagerConfigurer","message":"Global AuthenticationManager configured with AuthenticationProvider bean with name jobPortalUserNamePwdAuthenticationProvider"}{"timestamp":"2026-05-29 02:15:26","level":"INFO","logger":"org.apache.coyote.http11.Http11NioProtocol","message":"Starting ProtocolHandler ["http-nio-8080"]"}{"timestamp":"2026-05-29 02:15:26","level":"INFO","logger":"org.springframework.boot.tomcat.TomcatWebServer","message":"Tomcat started on port 8080 (http) with context path '/'"}{"timestamp":"2026-05-29 02:15:26","level":"INFO","logger":"com.sp.jobportal.Application","message":"Started Application in 10.11 seconds (process running for 12.092)"}{"timestamp":"2026-05-29 02:15:26","level":"WARN","logger":"org.springdoc.core.events.SpringDocAppInitializer","message":"SpringDoc /v3/api-docs endpoint is enabled by default. To disable it in production, set the property 'springdoc.api-docs.enabled=false'"}{"timestamp":"2026-05-29 02:15:26","level":"WARN","logger":"org.springdoc.core.events.SpringDocAppInitializer","message":"SpringDoc /swagger-ui.html endpoint is enabled by default. To disable it in production, set the property 'springdoc.swagger-ui.enabled=false'"}{"timestamp":"2026-05-29 02:38:56","level":"INFO","logger":"com.sp.jobportal.Application","message":"Starting Application using Java 21.0.8 with PID 4500 (D:\JAVA\UDemy\Spring7-SpringBoot4\Section14\jobportal14\target\classes started by abcd in D:\JAVA\UDemy\Spring7-SpringBoot4\Section14\jobportal14)"}{"timestamp":"2026-05-29 02:38:57","level":"DEBUG","logger":"com.sp.jobportal.Application","message":"Running with Spring Boot v4.0.5, Spring v7.0.6"}{"timestamp":"2026-05-29 02:38:57","level":"INFO","logger":"com.sp.jobportal.Application","message":"No active profile set, falling back to 1 default profile: "default""}{"timestamp":"2026-05-29 02:38:57","level":"INFO","logger":"org.springframework.boot.devtools.env.DevToolsPropertyDefaultsPostProcessor","message":"Devtools property defaults active! Set 'spring.devtools.add-properties' to 'false' to disable"}{"timestamp":"2026-05-29 02:38:57","level":"INFO","logger":"org.springframework.boot.devtools.env.DevToolsPropertyDefaultsPostProcessor","message":"For additional web related logging consider setting the 'logging.level.web' property to 'DEBUG'"}{"timestamp":"2026-05-29 02:38:57","level":"INFO","logger":"org.springframework.boot.docker.compose.lifecycle.DockerComposeLifecycleManager","message":"Using Docker Compose file D:\JAVA\UDemy\Spring7-SpringBoot4\Section14\jobportal14\compose.yml"}{"timestamp":"2026-05-29 02:38:58","level":"INFO","logger":"org.hibernate.validator.internal.util.Version","message":"HV000001: Hibernate Validator 9.0.1.Final"}{"timestamp":"2026-05-29 02:39:00","level":"INFO","logger":"org.springframework.boot.docker.compose.lifecycle.DockerComposeLifecycleManager","message":"There are already Docker Compose services running, skipping startup"}{"timestamp":"2026-05-29 02:39:02","level":"INFO","logger":"org.springframework.data.repository.config.RepositoryConfigurationDelegate","message":"Bootstrapping Spring Data JPA repositories in DEFAULT mode."}{"timestamp":"2026-05-29 02:39:02","level":"INFO","logger":"org.springframework.data.repository.config.RepositoryConfigurationDelegate","message":"Finished Spring Data repository scanning in 142 ms. Found 4 JPA repository interfaces."}{"timestamp":"2026-05-29 02:39:06","level":"INFO","logger":"org.springframework.boot.tomcat.TomcatWebServer","message":"Tomcat initialized with port 8080 (http)"}{"timestamp":"2026-05-29 02:39:06","level":"INFO","logger":"org.apache.coyote.http11.Http11NioProtocol","message":"Initializing ProtocolHandler ["http-nio-8080"]"}{"timestamp":"2026-05-29 02:39:06","level":"INFO","logger":"org.apache.catalina.core.StandardService","message":"Starting service [Tomcat]"}{"timestamp":"2026-05-29 02:39:06","level":"INFO","logger":"org.apache.catalina.core.StandardEngine","message":"Starting Servlet engine: [Apache Tomcat/11.0.20]"}{"timestamp":"2026-05-29 02:39:06","level":"INFO","logger":"org.springframework.boot.web.context.servlet.WebApplicationContextInitializer","message":"Root WebApplicationContext: initialization completed in 6848 ms"}{"timestamp":"2026-05-29 02:39:07","level":"INFO","logger":"org.hibernate.orm.jpa","message":"HHH008540: Processing PersistenceUnitInfo [name: default]"}{"timestamp":"2026-05-29 02:39:07","level":"INFO","logger":"org.hibernate.orm.core","message":"HHH000001: Hibernate ORM core version 7.2.7.Final"}{"timestamp":"2026-05-29 02:39:08","level":"INFO","logger":"org.springframework.orm.jpa.persistenceunit.SpringPersistenceUnitInfo","message":"No LoadTimeWeaver setup: ignoring JPA class transformer"}{"timestamp":"2026-05-29 02:39:08","level":"INFO","logger":"com.zaxxer.hikari.HikariDataSource","message":"HikariPool-1 - Starting..."}{"timestamp":"2026-05-29 02:39:09","level":"INFO","logger":"com.zaxxer.hikari.pool.HikariPool","message":"HikariPool-1 - Added connection org.postgresql.jdbc.PgConnection@578e5a18"}{"timestamp":"2026-05-29 02:39:09","level":"INFO","logger":"com.zaxxer.hikari.HikariDataSource","message":"HikariPool-1 - Start completed."}{"timestamp":"2026-05-29 02:39:09","level":"INFO","logger":"org.hibernate.orm.connections.pooling","message":"HHH10001005: Database info:
	Database JDBC URL [jdbc:postgresql://127.0.0.1:5433/mydb]
	Database driver: PostgreSQL JDBC Driver
	Database dialect: PostgreSQLDialect
	Database version: 17.9
	Default catalog/schema: mydb/public
	Autocommit mode: undefined/unknown
	Isolation level: READ_COMMITTED [default READ_COMMITTED]
	JDBC fetch size: none
	Pool: DataSourceConnectionProvider
	Minimum pool size: undefined/unknown
	Maximum pool size: undefined/unknown"}{"timestamp":"2026-05-29 02:39:12","level":"INFO","logger":"org.hibernate.orm.core","message":"HHH000489: No JTA platform available (set 'hibernate.transaction.jta.platform' to enable JTA platform integration)"}{"timestamp":"2026-05-29 02:39:13","level":"INFO","logger":"org.springframework.orm.jpa.LocalContainerEntityManagerFactoryBean","message":"Initialized JPA EntityManagerFactory for persistence unit 'default'"}{"timestamp":"2026-05-29 02:39:13","level":"INFO","logger":"org.springframework.data.jpa.repository.query.QueryEnhancerFactories","message":"Hibernate is in classpath; If applicable, HQL parser will be used."}{"timestamp":"2026-05-29 02:39:16","level":"INFO","logger":"org.springframework.security.config.annotation.authentication.configuration.InitializeAuthenticationProviderBeanManagerConfigurer$InitializeAuthenticationProviderManagerConfigurer","message":"Global AuthenticationManager configured with AuthenticationProvider bean with name jobPortalUserNamePwdAuthenticationProvider"}{"timestamp":"2026-05-29 02:39:20","level":"INFO","logger":"org.apache.coyote.http11.Http11NioProtocol","message":"Starting ProtocolHandler ["http-nio-8080"]"}{"timestamp":"2026-05-29 02:39:20","level":"INFO","logger":"org.springframework.boot.tomcat.TomcatWebServer","message":"Tomcat started on port 8080 (http) with context path '/'"}{"timestamp":"2026-05-29 02:39:20","level":"INFO","logger":"com.sp.jobportal.Application","message":"Started Application in 24.268 seconds (process running for 27.309)"}{"timestamp":"2026-05-29 02:39:20","level":"WARN","logger":"org.springdoc.core.events.SpringDocAppInitializer","message":"SpringDoc /v3/api-docs endpoint is enabled by default. To disable it in production, set the property 'springdoc.api-docs.enabled=false'"}{"timestamp":"2026-05-29 02:39:20","level":"WARN","logger":"org.springdoc.core.events.SpringDocAppInitializer","message":"SpringDoc /swagger-ui.html endpoint is enabled by default. To disable it in production, set the property 'springdoc.swagger-ui.enabled=false'"}